Name,Season Type,NBA ID,Year(s),Games,FG,FGA,FG Points,EFG%,EFG+,PAA,PAA/Game,ShotSkill+,Volume Percentile,EFG Percentile,PAA/Game Percentile,ShotSkill Percentile
Eric Piatkowski,Pre,15,19962008,6,9,22,23,52.3,111.0,2.3,0.4,97.7,1,68,60,42
Gary Payton,Pre,56,19962007,10,17,52,40,38.5,80.6,-9.6,-1.0,78.0,16,14,23,13
Doug Christie,Pre,57,19962007,7,16,33,32,48.5,103.2,1.0,0.1,126.7,4,57,54,93
Dikembe Mutombo,Pre,87,19962009,11,10,28,20,35.7,75.2,-6.5,-0.6,63.9,2,30,26,18
Nick Van Exel,Pre,89,19962006,5,9,19,24,63.2,134.5,6.2,1.2,136.9,1,97,81,98
Robert Horry,Pre,109,19962008,11,13,53,33,31.1,65.5,-17.3,-1.6,66.4,11,9,15,16
David Wesley,Pre,133,19962007,11,21,72,48,33.3,70.6,-20.0,-1.8,78.3,38,6,8,13
P.J. Brown,Pre,136,19962008,11,25,58,50,43.1,90.5,-5.3,-0.5,94.0,14,33,35,40
Jalen Rose,Pre,147,19962007,7,12,33,25,37.9,80.7,-6.0,-0.9,86.9,20,21,27,31
Chris Webber,Pre,185,19962008,5,29,57,58,50.9,106.2,3.6,0.7,110.5,83,69,69,71
Sam Cassell,Pre,208,19962008,11,50,109,104,47.7,100.9,0.8,0.1,120.9,69,53,53,78
Antonio Davis,Pre,213,19962006,2,1,5,2,20.0,42.6,-2.7,-1.3,33.8,0,0,13,0
Eddie Jones,Pre,224,19962008,16,36,105,89,42.4,89.9,-10.1,-0.6,85.2,34,31,34,24
Darrick Martin,Pre,239,19962008,5,10,35,24,34.3,71.8,-9.4,-1.9,78.0,40,8,7,14
Aaron McKie,Pre,243,19962007,1,1,2,2,50.0,106.5,0.1,0.1,128.8,0,60,50,96
Grant Hill,Pre,255,19962013,40,126,293,267,45.6,95.3,-13.1,-0.3,97.1,44,45,46,47
Brian Grant,Pre,258,19962006,4,11,17,22,64.7,137.8,6.0,1.5,156.5,3,98,85,100
Lindsey Hunter,Pre,283,19962010,12,18,55,43,39.1,81.2,-10.0,-0.8,90.0,8,27,28,40
Alonzo Mourning,Pre,297,19962008,14,38,61,76,62.3,131.2,18.0,1.3,125.5,4,94,81,91
Darrell Armstrong,Pre,353,19962008,13,21,40,48,60.0,125.8,9.9,0.8,130.7,0,79,69,79
Anfernee Hardaway,Pre,358,19962008,7,8,20,16,40.0,84.8,-2.9,-0.4,102.2,0,23,34,52
Clifford Robinson,Pre,361,19962007,15,23,74,49,33.1,69.9,-21.2,-1.4,75.0,13,7,13,16
Calbert Cheaney,Pre,384,19962006,4,4,9,8,44.4,94.6,-0.5,-0.1,125.7,0,37,42,92
Toni Kukoc,Pre,389,19962006,7,13,36,31,43.1,91.7,-2.8,-0.4,92.7,8,32,36,33
Shaquille O'Neal,Pre,406,19962011,29,139,260,278,53.5,111.8,29.2,1.0,106.2,63,70,74,61
Juwan Howard,Pre,436,19962013,29,68,143,136,47.6,99.5,-0.2,0.0,112.3,22,52,48,62
Bo Outlaw,Pre,448,19962008,12,15,27,30,55.6,116.5,4.3,0.4,103.1,0,70,60,52
Jason Kidd,Pre,467,19962013,36,55,184,139,37.8,78.8,-37.3,-1.0,74.3,17,26,29,22
Jon Barry,Pre,468,19962006,6,14,38,36,47.4,100.9,0.3,0.1,99.1,30,50,49,45
Alan Henderson,Pre,673,19962007,7,9,18,18,50.0,105.6,1.0,0.1,88.9,0,55,53,32
Eric Williams,Pre,677,19962007,3,2,10,4,20.0,42.1,-5.6,-1.9,41.7,1,12,12,5
Antonio McDyess,Pre,686,19962011,39,87,206,174,42.2,88.2,-23.0,-0.6,99.5,14,26,32,49
Theo Ratliff,Pre,689,19962011,24,25,59,50,42.4,88.8,-6.3,-0.3,87.3,3,44,48,39
Joe Smith,Pre,693,19962011,19,40,94,80,42.6,88.8,-10.0,-0.5,103.7,15,34,37,59
Brent Barry,Pre,699,19962009,20,57,125,150,60.0,126.2,31.1,1.6,118.1,27,87,84,79
Voshon Lenard,Pre,702,19962006,6,29,71,63,44.4,94.5,-3.7,-0.6,100.9,91,36,32,51
Kurt Thomas,Pre,703,19962013,43,90,203,180,44.3,93.1,-13.5,-0.3,106.7,16,37,41,57
Kevin Garnett,Pre,708,19962016,54,206,395,413,52.3,109.3,35.1,0.6,120.1,47,68,69,80
Jerry Stackhouse,Pre,711,19962013,17,30,103,68,33.0,69.2,-30.0,-1.8,72.1,38,14,16,18
Michael Finley,Pre,714,19962010,24,73,170,175,51.5,107.6,12.8,0.5,111.6,42,57,56,64
Corliss Williamson,Pre,722,19962007,11,29,47,58,61.7,129.7,13.3,1.2,128.9,4,96,82,94
Eric Snow,Pre,727,19962008,11,13,31,26,41.9,88.3,-3.5,-0.3,90.3,0,37,37,41
Greg Ostertag,Pre,731,19962006,4,4,9,8,44.4,94.6,-0.5,-0.1,75.0,0,37,42,10
Rasheed Wallace,Pre,739,19962013,33,96,260,224,43.1,90.1,-24.8,-0.8,93.9,53,37,36,44
Jim Jackson,Pre,754,19962006,5,9,29,23,39.7,84.5,-4.2,-0.8,76.2,21,19,26,11
Damon Stoudamire,Pre,757,19962008,19,47,117,104,44.4,93.6,-7.0,-0.4,99.1,28,38,40,48
Dale Davis,Pre,905,19962007,1,0,1,0,0.0,0.0,-0.9,-0.9,0.0,0,0,22,0
Ervin Johnson,Pre,911,19962006,3,1,6,2,16.7,35.5,-3.6,-1.2,28.1,0,0,16,0
Donyell Marshall,Pre,923,19962009,21,48,134,116,43.3,91.0,-11.4,-0.5,82.5,33,41,41,25
Bryon Russell,Pre,935,19962006,1,0,1,0,0.0,0.0,-0.9,-0.9,0.0,0,0,22,0
Allen Iverson,Pre,947,19962010,13,71,157,148,47.1,99.3,-1.3,-0.1,106.7,89,54,54,63
Marcus Camby,Pre,948,19962013,13,42,91,85,46.7,98.1,-1.7,-0.1,96.2,48,51,54,53
Shareef Abdur-Rahim,Pre,949,19962008,12,40,78,80,51.3,107.7,5.7,0.5,108.4,37,70,68,70
Stephon Marbury,Pre,950,19962009,22,67,151,144,47.7,100.1,0.3,0.0,96.2,38,52,49,45
Ray Allen,Pre,951,19962014,53,225,485,522,53.8,112.9,59.2,1.1,114.4,66,72,73,74
Lorenzen Wright,Pre,953,19962009,16,21,63,42,33.3,70.1,-18.0,-1.1,68.3,11,7,15,6
Samaki Walker,Pre,955,19962006,6,11,25,22,44.0,93.7,-1.5,-0.2,86.2,2,35,40,26
Erick Dampier,Pre,956,19962012,20,40,75,80,53.3,111.4,8.2,0.4,94.0,2,71,63,36
Tony Delk,Pre,960,19962006,1,2,2,4,100.0,212.9,2.1,2.1,222.4,0,100,94,100
Walter McCarty,Pre,962,19962006,5,12,31,29,46.8,99.6,-0.1,0.0,101.4,28,47,47,52
Derek Fisher,Pre,965,19962014,41,95,244,204,41.8,87.5,-29.0,-0.7,95.7,25,32,33,49
Othella Harrington,Pre,970,19962008,11,19,44,38,43.2,91.5,-3.6,-0.3,99.4,3,42,47,55
Jeff McInnis,Pre,976,19962008,11,19,59,38,32.2,68.4,-17.6,-1.6,74.7,26,4,10,9
Kobe Bryant,Pre,977,19962016,48,233,560,502,44.8,93.4,-36.2,-0.8,101.0,83,40,36,51
Peja Stojakovic,Pre,978,19982011,36,111,305,282,46.2,96.5,-10.0,-0.3,94.7,61,43,41,40
Jermaine O'Neal,Pre,979,19962014,38,117,269,235,43.7,91.5,-21.8,-0.6,95.8,47,39,42,45
Zydrunas Ilgauskas,Pre,980,19972011,38,136,287,272,47.4,99.0,-2.8,-0.1,101.9,49,47,47,53
Moochie Norris,Pre,983,19962006,3,5,10,10,50.0,106.5,0.6,0.2,112.2,0,60,56,71
Malik Rose,Pre,990,19962009,14,15,46,30,32.6,68.7,-13.7,-1.0,69.8,0,9,21,12
Shandon Anderson,Pre,1000,19962006,2,2,4,4,50.0,106.5,0.2,0.1,130.0,0,60,50,96
Ben Wallace,Pre,1112,19962012,39,73,156,146,46.8,98.2,-2.7,-0.1,89.8,11,47,45,38
Aaron Williams,Pre,1425,19962008,5,6,13,12,46.2,96.6,-0.4,-0.1,89.6,0,47,52,46
Zeljko Rebraca,Pre,1442,20012006,2,1,5,2,20.0,42.6,-2.7,-1.3,52.9,0,0,13,1
Tim Duncan,Pre,1495,19972016,52,229,443,459,51.8,108.3,35.3,0.7,110.5,61,62,62,66
Keith Van Horn,Pre,1496,19972006,7,26,53,59,55.7,118.5,9.2,1.3,116.0,50,85,82,79
Chauncey Billups,Pre,1497,19972014,40,117,298,279,46.8,98.3,-5.1,-0.1,101.4,50,44,43,49
Antonio Daniels,Pre,1498,19972011,25,58,130,122,46.9,98.6,-1.6,-0.1,102.2,17,48,48,54
Tony Battie,Pre,1499,19972012,15,34,76,68,44.7,93.3,-4.7,-0.3,101.5,15,40,43,49
Tim Thomas,Pre,1501,19972010,11,43,118,99,42.0,88.1,-13.4,-1.2,86.8,82,31,30,28
Adonal Foyle,Pre,1502,19972009,14,28,51,56,54.9,115.8,7.6,0.5,116.8,3,74,67,76
Danny Fortson,Pre,1504,19972007,5,3,9,6,33.3,69.9,-2.5,-0.5,65.7,0,33,34,23
Austin Croshere,Pre,1506,19972009,27,60,163,136,41.7,87.8,-19.1,-0.7,88.4,26,32,29,33
Derek Anderson,Pre,1507,19972008,10,21,47,48,51.1,108.6,3.8,0.4,115.4,10,69,66,76
Maurice Taylor,Pre,1508,19972007,8,12,27,24,44.4,94.1,-1.6,-0.2,99.9,1,52,51,56
Kelvin Cato,Pre,1509,19972007,3,5,10,10,50.0,105.5,0.5,0.2,104.2,1,60,56,59
Brevin Knight,Pre,1510,19972009,19,49,100,98,49.0,103.4,3.3,0.2,121.1,23,55,56,79
Scot Pollard,Pre,1513,19972008,6,10,17,20,58.8,123.8,3.8,0.6,124.8,0,46,57,50
Anthony Parker,Pre,1515,19972012,36,95,209,217,51.9,108.2,16.3,0.5,114.0,29,57,57,64
Bobby Jackson,Pre,1517,19972009,22,68,166,154,46.4,97.5,-4.2,-0.2,96.3,46,44,43,44
John Thomas,Pre,1519,19972006,2,1,5,2,20.0,42.6,-2.7,-1.3,33.8,0,0,13,0
Charles Smith,Pre,1520,19972006,4,7,26,19,36.5,77.8,-5.4,-1.4,79.9,32,12,13,15
Jacque Vaughn,Pre,1521,19972009,17,26,55,53,48.2,101.2,0.5,0.0,103.3,1,59,54,58
Marc Jackson,Pre,1531,20002007,6,25,51,51,50.0,106.5,3.1,0.5,99.7,63,60,64,47
Anthony Johnson,Pre,1533,19972010,28,44,131,91,34.7,73.1,-33.8,-1.2,82.9,10,12,17,25
Stephen Jackson,Pre,1536,20002014,44,165,383,386,50.4,105.5,19.9,0.5,101.6,63,56,55,49
Alvin Williams,Pre,1541,19972007,3,1,5,2,20.0,42.6,-2.7,-0.9,52.9,0,0,24,1
Mark Blount,Pre,1548,20002009,25,79,147,158,53.7,113.3,18.4,0.7,120.6,24,68,68,74
Kevin Ollie,Pre,1563,19972010,16,28,58,56,48.3,101.1,0.6,0.0,113.9,8,53,56,73
Troy Hudson,Pre,1607,19972008,11,36,90,78,43.3,91.2,-7.6,-0.7,92.4,56,34,34,34
Mikki Moore,Pre,1630,19982012,27,60,122,121,49.6,103.3,4.2,0.2,99.6,6,58,52,49
Michael Olowokandi,Pre,1709,19982007,9,26,57,52,45.6,97.0,-1.7,-0.2,111.7,46,39,41,69
Mike Bibby,Pre,1710,19982012,35,113,293,268,45.7,95.8,-11.5,-0.3,103.3,60,44,39,58
Raef LaFrentz,Pre,1711,19982008,16,38,75,86,57.3,121.5,15.1,0.9,113.0,11,80,77,73
Antawn Jamison,Pre,1712,19982014,48,162,450,361,40.1,84.0,-68.1,-1.4,85.0,66,35,36,36
Vince Carter,Pre,1713,19982018,72,288,622,673,54.1,112.7,75.1,1.0,112.6,13,28,31,32
Jason Williams,Pre,1715,19982011,17,39,105,91,43.3,91.0,-8.9,-0.5,92.5,27,30,33,36
Larry Hughes,Pre,1716,19982012,29,95,263,200,38.0,79.9,-50.8,-1.8,85.8,69,23,17,33
Dirk Nowitzki,Pre,1717,19982018,61,314,662,672,50.8,105.6,36.3,0.6,121.3,82,62,63,81
Paul Pierce,Pre,1718,19982017,64,236,497,531,53.4,111.6,55.2,0.9,111.1,50,71,73,70
Michael Doleac,Pre,1720,19982008,4,6,16,12,37.5,78.7,-3.2,-0.8,85.7,13,31,28,37
Matt Harpring,Pre,1723,19982009,9,31,67,64,47.8,99.5,-0.3,0.0,99.8,50,50,50,50
Rasho Nesterovic,Pre,1725,19982010,31,84,181,168,46.4,97.0,-5.5,-0.2,104.3,27,44,46,54
Pat Garrity,Pre,1727,19982008,18,50,111,119,53.6,112.8,13.4,0.7,114.3,26,70,67,72
Ricky Davis,Pre,1729,19982010,34,136,316,309,48.9,102.6,7.9,0.2,101.8,67,52,50,49
Brian Skinner,Pre,1730,19982012,30,53,120,106,44.2,92.7,-8.6,-0.3,93.0,11,45,45,47
Tyronn Lue,Pre,1731,19982009,16,42,101,90,44.6,93.2,-6.7,-0.4,104.9,29,37,39,59
Al Harrington,Pre,1733,19982014,31,158,346,346,50.0,104.6,15.5,0.5,99.9,87,60,64,52
Nazr Mohammed,Pre,1737,19982016,49,119,253,238,47.0,98.1,-4.5,-0.1,96.3,22,53,54,48
Rashard Lewis,Pre,1740,19982014,46,205,439,470,53.5,111.9,50.5,1.1,114.3,68,73,78,77
Shammond Williams,Pre,1742,19982007,1,1,4,2,25.0,52.0,-1.8,-1.8,58.8,2,1,7,2
Jerome James,Pre,1744,19982009,4,2,14,4,14.3,30.4,-9.1,-2.3,31.8,0,0,4,0
Rafer Alston,Pre,1747,19992010,29,68,180,163,45.3,94.7,-9.4,-0.3,90.6,29,45,43,41
Cuttino Mobley,Pre,1749,19982009,19,86,199,185,46.5,97.5,-4.8,-0.3,102.2,80,46,44,57
Sean Marks,Pre,1752,19982011,16,41,91,83,45.6,96.3,-3.4,-0.2,98.8,20,47,48,52
Greg Buckner,Pre,1761,19992009,22,41,103,94,45.6,95.7,-4.3,-0.2,94.6,11,41,41,40
Ryan Bowen,Pre,1763,19992010,14,22,41,44,53.7,113.4,5.1,0.4,104.5,0,73,61,59
Maceo Baston,Pre,1766,20022009,10,15,27,30,55.6,115.7,4.1,0.4,101.6,0,75,64,63
Damon Jones,Pre,1800,19982009,18,40,112,102,45.5,96.0,-4.3,-0.2,95.8,29,42,43,43
Brad Miller,Pre,1802,19982012,30,92,187,193,51.6,108.2,14.5,0.5,110.7,29,65,64,69
Earl Boykins,Pre,1863,19982012,17,59,139,135,48.6,101.6,2.2,0.1,105.7,56,52,49,60
Elton Brand,Pre,1882,19992016,46,165,380,330,43.4,90.6,-34.3,-0.7,95.9,59,31,31,39
Steve Francis,Pre,1883,19992008,13,52,111,108,48.7,102.3,2.6,0.2,95.2,60,52,51,42
Baron Davis,Pre,1884,19992012,26,124,269,282,52.4,109.5,24.3,0.9,105.4,75,66,69,59
Lamar Odom,Pre,1885,19992013,32,99,227,221,48.7,101.5,3.6,0.1,96.0,43,62,62,52
Jonathan Bender,Pre,1886,19992010,5,13,27,26,48.2,102.5,0.6,0.1,99.9,11,54,52,48
Wally Szczerbiak,Pre,1887,19992009,19,91,186,201,54.0,113.2,23.3,1.2,124.2,68,74,80,88
Richard Hamilton,Pre,1888,19992013,43,173,365,365,50.0,104.5,15.7,0.4,113.3,59,58,57,71
Andre Miller,Pre,1889,19992016,60,202,439,406,46.2,96.7,-14.2,-0.2,98.4,45,44,44,48
Shawn Marion,Pre,1890,19992015,55,271,537,564,52.5,110.2,52.0,0.9,105.4,70,66,72,63
Jason Terry,Pre,1891,19992018,55,178,409,430,52.6,109.8,38.4,0.7,112.2,50,63,63,67
Metta World Peace,Pre,1897,19992017,63,229,569,524,46.1,96.5,-19.2,-0.3,94.0,65,49,48,44
James Posey,Pre,1899,19992011,39,63,187,167,44.7,93.3,-12.2,-0.3,84.5,12,39,44,26
Jeff Foster,Pre,1902,19992012,28,39,92,78,42.4,88.7,-9.8,-0.3,86.5,10,39,42,39
Devean George,Pre,1904,19992010,14,40,94,84,44.7,93.8,-5.8,-0.4,104.7,45,37,37,40
Andrei Kirilenko,Pre,1905,20012015,51,134,285,277,48.6,101.5,4.2,0.1,93.9,21,53,51,41
Scott Padgett,Pre,1909,19992007,11,19,47,45,47.9,100.6,0.4,0.0,97.2,4,50,50,46
Calvin Booth,Pre,1916,19992009,13,10,27,20,37.0,78.0,-5.6,-0.4,81.4,0,24,35,22
Gordan Giricek,Pre,1921,20022008,20,49,118,108,45.8,96.2,-4.3,-0.2,105.6,22,43,44,61
Francisco Elson,Pre,1922,20032012,28,55,122,111,45.5,95.7,-5.2,-0.2,95.3,14,44,47,41
Lee Nailon,Pre,1924,20002006,4,19,47,38,40.4,86.1,-6.1,-1.5,84.5,89,23,11,24
Manu Ginobili,Pre,1938,20022018,55,151,361,362,50.1,104.7,15.4,0.3,100.8,36,56,57,55
Raja Bell,Pre,1952,20002012,39,128,312,315,50.5,106.1,17.5,0.4,107.8,58,70,72,70
Ira Newble,Pre,1956,20002008,8,9,30,20,33.3,70.1,-8.6,-1.1,64.7,0,8,22,4
Kenyon Martin,Pre,2030,20002015,24,100,209,203,48.6,101.4,2.7,0.1,96.8,63,49,51,41
Stromile Swift,Pre,2031,20002009,16,62,104,124,59.6,126.0,25.4,1.6,117.9,32,80,76,75
Mike Miller,Pre,2034,20002017,53,155,356,385,54.1,113.2,44.6,0.8,109.4,37,72,70,65
Chris Mihm,Pre,2036,20002009,16,31,68,62,45.6,96.1,-2.5,-0.2,98.0,6,42,44,46
Jamal Crawford,Pre,2037,20002018,68,244,622,561,45.1,94.0,-35.3,-0.5,96.4,70,43,42,47
Joel Przybilla,Pre,2038,20002013,32,46,86,92,53.5,111.7,9.7,0.3,93.4,1,57,55,41
Keyon Dooling,Pre,2039,20002013,23,73,153,163,53.3,111.6,17.1,0.7,115.4,43,77,76,79
Etan Thomas,Pre,2041,20012011,28,57,119,114,47.9,99.8,0.0,0.0,95.1,5,53,50,45
Hedo Turkoglu,Pre,2045,20002015,44,147,331,347,52.4,109.8,30.7,0.7,109.6,50,64,65,63
Desmond Mason,Pre,2046,20002010,29,90,223,180,40.4,84.8,-32.5,-1.1,83.4,49,28,27,28
Quentin Richardson,Pre,2047,20002013,34,87,241,215,44.6,93.0,-16.1,-0.5,86.4,47,36,32,28
Jamaal Magloire,Pre,2048,20002012,21,42,81,84,51.9,109.2,7.0,0.3,103.0,12,64,64,58
Morris Peterson,Pre,2050,20002011,32,85,229,207,45.2,94.4,-12.1,-0.4,93.1,38,41,43,43
DeShawn Stevenson,Pre,2052,20002013,40,75,201,181,45.0,94.1,-11.2,-0.3,93.3,15,43,41,39
Jake Tsakalidis,Pre,2054,20002007,11,16,34,32,47.1,99.5,-0.3,0.0,84.6,0,54,51,32
Primoz Brezec,Pre,2056,20012010,15,29,67,58,43.3,91.1,-5.8,-0.4,91.7,17,44,47,42
Mark Madsen,Pre,2058,20002009,13,14,33,28,42.4,89.6,-3.3,-0.3,83.2,0,45,42,34
Eduardo Najera,Pre,2059,20002012,22,42,98,92,46.9,98.4,-1.5,-0.1,94.9,8,50,48,48
Eddie House,Pre,2067,20002011,30,112,241,276,57.3,119.4,45.1,1.5,124.2,52,77,79,82
Michael Redd,Pre,2072,20002012,33,163,367,366,49.9,104.3,15.4,0.5,107.5,85,58,60,65
Brian Cardinal,Pre,2073,20002012,21,29,78,64,41.0,85.5,-10.9,-0.5,83.9,8,26,37,24
Kaniel Dickens,Pre,2079,20032008,3,7,15,17,56.7,120.3,2.8,0.9,100.6,17,78,77,57
Slava Medvedenko,Pre,2098,20002007,3,4,8,8,50.0,106.5,0.5,0.2,130.1,0,60,54,97
Malik Allen,Pre,2124,20012011,31,70,155,141,45.5,94.7,-7.7,-0.3,108.5,16,41,41,65
Kwame Brown,Pre,2198,20012013,22,55,89,110,61.8,129.5,24.9,1.1,118.9,15,79,76,76
Tyson Chandler,Pre,2199,20012018,59,150,254,300,59.1,123.0,56.2,1.0,110.4,6,67,60,44
Pau Gasol,Pre,2200,20012018,72,304,635,619,48.7,101.3,8.0,0.1,108.4,55,28,26,43
Eddy Curry,Pre,2201,20012013,26,100,164,200,61.0,128.0,43.7,1.7,116.8,32,86,84,80
Jason Richardson,Pre,2202,20012015,39,188,447,437,48.9,102.4,9.7,0.2,100.5,87,53,55,50
Shane Battier,Pre,2203,20012014,45,120,238,311,65.3,136.9,83.8,1.9,130.0,18,89,87,84
Eddie Griffin,Pre,2204,20012007,11,34,78,78,50.0,105.6,4.0,0.4,106.5,43,62,63,60
DeSagana Diop,Pre,2205,20012013,48,59,144,118,41.0,85.8,-19.1,-0.4,82.4,5,42,42,34
Joe Johnson,Pre,2207,20012018,69,303,677,694,51.3,106.7,43.4,0.6,112.6,70,66,70,73
Vladimir Radmanovic,Pre,2209,20012013,41,96,239,233,48.7,101.9,4.4,0.1,96.1,29,56,56,49
Richard Jefferson,Pre,2210,20012018,73,228,503,516,51.3,107.0,33.3,0.5,107.1,44,59,58,60
Troy Murphy,Pre,2211,20012013,20,76,194,179,46.1,96.4,-6.6,-0.3,98.5,82,42,42,46
Steven Hunter,Pre,2212,20012010,18,42,72,84,58.3,122.2,15.3,0.8,102.9,3,61,60,49
Michael Bradley,Pre,2214,20012006,1,3,5,6,60.0,127.8,1.3,1.3,124.5,6,94,82,91
Jason Collins,Pre,2215,20012014,22,22,37,44,59.5,124.2,8.6,0.4,121.1,0,80,63,69
Zach Randolph,Pre,2216,20012018,72,330,685,679,49.6,102.8,18.7,0.3,111.1,70,55,56,65
Brendan Haywood,Pre,2217,20012015,46,94,191,188,49.2,103.0,5.5,0.1,91.2,9,58,56,36
Gerald Wallace,Pre,2222,20012015,56,222,469,466,49.7,103.9,17.5,0.3,93.1,60,55,55,37
Jamaal Tinsley,Pre,2224,20012014,26,58,147,123,41.8,88.2,-16.5,-0.6,95.2,25,26,30,41
Tony Parker,Pre,2225,20012018,59,243,490,489,49.9,103.8,17.5,0.3,106.8,68,45,49,56
Will Solomon,Pre,2226,20012009,6,13,33,31,47.0,97.9,-0.7,-0.1,103.6,14,42,44,61
Mike James,Pre,2229,20012014,31,80,186,177,47.6,99.7,-0.7,0.0,101.0,29,48,48,50
Maurice Evans,Pre,2230,20012012,27,100,200,229,57.3,119.7,37.8,1.4,114.3,46,70,69,65
Trenton Hassell,Pre,2239,20012010,27,47,121,97,40.1,84.4,-18.1,-0.7,94.6,9,27,33,47
Gilbert Arenas,Pre,2240,20012012,26,117,269,266,49.4,103.4,9.1,0.4,102.9,77,56,58,56
Brian Scalabrine,Pre,2243,20012012,36,58,149,132,44.3,92.9,-10.0,-0.3,93.5,6,42,43,46
Mehmet Okur,Pre,2246,20022012,35,121,275,260,47.3,99.0,-2.5,-0.1,103.5,60,52,50,59
Earl Watson,Pre,2248,20012014,36,78,196,174,44.4,93.0,-13.2,-0.4,93.3,25,42,43,42
Bobby Simmons,Pre,2250,20012012,29,79,183,190,51.9,109.1,15.7,0.5,107.3,32,59,62,61
Loren Woods,Pre,2254,20012008,6,9,19,18,47.4,100.9,0.1,0.0,101.6,0,69,55,65
Jarron Collins,Pre,2260,20012011,23,28,64,56,43.8,91.9,-4.9,-0.2,98.8,1,39,46,53
Charlie Bell,Pre,2294,20012011,36,92,263,216,41.1,86.2,-35.0,-1.0,88.3,44,35,36,37
Carlos Arroyo,Pre,2306,20012011,23,74,154,150,48.7,102.2,3.1,0.1,111.7,35,54,56,71
Chris Andersen,Pre,2365,20012017,36,68,140,138,49.3,102.5,3.3,0.1,90.4,11,54,52,41
Mike Wilks,Pre,2366,20022010,14,12,31,26,41.9,88.7,-3.5,-0.2,85.5,0,48,46,39
Yao Ming,Pre,2397,20022011,26,128,260,256,49.2,103.4,8.3,0.3,102.3,71,57,56,54
Mike Dunleavy,Pre,2399,20022017,50,197,422,468,55.5,116.2,65.3,1.3,114.2,56,79,83,77
Drew Gooden,Pre,2400,20022016,56,199,429,411,47.9,100.0,0.1,0.0,107.3,49,53,51,65
Dajuan Wagner,Pre,2402,20022007,6,27,59,61,51.7,107.5,4.3,0.7,111.1,76,68,73,74
Nene Hilario,Pre,2403,20022018,52,178,310,356,57.4,119.2,57.4,1.1,115.6,28,72,70,65
Chris Wilcox,Pre,2404,20022013,32,108,190,216,56.8,119.3,35.0,1.1,112.1,33,80,78,71
Amar'e Stoudemire,Pre,2405,20022016,38,176,338,354,52.4,108.7,28.5,0.8,108.6,57,71,77,71
Caron Butler,Pre,2406,20022016,64,258,589,548,46.5,97.3,-15.6,-0.2,105.2,65,46,45,61
Jared Jeffries,Pre,2407,20022013,32,69,171,151,44.2,92.3,-12.6,-0.4,82.3,28,35,37,19
Melvin Ely,Pre,2408,20022014,27,72,140,144,51.4,108.0,10.6,0.4,114.0,24,57,55,66
Marcus Haislip,Pre,2409,20022010,6,8,21,17,40.5,83.3,-3.4,-0.6,92.7,0,14,31,33
Fred Jones,Pre,2410,20022009,15,39,105,91,43.3,91.0,-9.0,-0.6,88.3,40,30,26,32
Bostjan Nachbar,Pre,2411,20022008,15,67,140,159,56.8,119.5,26.0,1.7,112.3,67,75,71,67
Jiri Welsch,Pre,2412,20022006,2,5,12,10,41.7,88.7,-1.3,-0.6,79.3,25,28,30,14
Kareem Rush,Pre,2416,20022010,23,53,148,124,41.9,88.0,-16.7,-0.7,92.0,30,27,24,36
Casey Jacobsen,Pre,2418,20022008,9,16,37,45,60.8,128.3,9.8,1.1,114.8,3,76,75,76
Tayshaun Prince,Pre,2419,20022016,60,165,408,365,44.7,93.7,-25.1,-0.4,93.6,43,39,39,39
Nenad Krstic,Pre,2420,20042011,22,84,164,169,51.5,107.8,12.0,0.5,112.3,45,59,57,67
John Salmons,Pre,2422,20022015,45,159,383,347,45.3,94.9,-18.9,-0.4,96.7,58,40,41,45
Roger Mason Jr.,Pre,2427,20022014,49,111,299,272,45.5,95.1,-14.2,-0.3,98.3,32,42,42,45
Dan Gadzuric,Pre,2429,20022012,35,62,165,124,37.6,78.6,-33.8,-1.0,74.7,12,18,23,14
Carlos Boozer,Pre,2430,20022015,49,263,512,526,51.4,107.2,35.2,0.7,108.2,81,61,60,63
Mario Kasun,Pre,2435,20042006,2,9,13,18,69.2,147.4,5.8,2.9,133.2,32,100,100,97
Lonny Baxter,Pre,2437,20022006,3,8,13,16,61.5,131.0,3.8,1.3,111.3,4,95,81,70
Matt Barnes,Pre,2440,20032017,62,179,447,396,44.3,92.4,-32.9,-0.5,87.3,47,46,44,37
Darius Songaila,Pre,2443,20032011,29,72,147,144,49.0,102.9,4.0,0.1,109.8,16,59,59,64
Luis Scola,Pre,2449,20072017,54,197,420,402,47.9,99.9,-1.1,0.0,104.5,52,49,48,55
Randy Holcomb,Pre,2450,20052006,3,9,17,20,58.8,125.3,4.0,1.3,124.2,20,93,83,91
Junior Harrington,Pre,2454,20022007,6,8,23,16,34.8,72.3,-6.1,-1.0,61.6,1,9,21,3
Jannero Pargo,Pre,2457,20022015,39,119,298,281,47.2,98.1,-5.4,-0.1,106.1,51,46,45,58
Devin Brown,Pre,2484,20022010,22,45,144,104,36.1,75.5,-33.6,-1.5,74.8,35,13,15,15
Richie Frahm,Pre,2499,20032008,8,15,40,40,50.0,106.3,2.4,0.3,99.8,11,57,53,46
Reggie Evans,Pre,2501,20022015,50,67,169,134,39.6,82.7,-27.9,-0.6,72.2,1,24,33,12
LeBron James,Pre,2544,20032018,62,350,701,742,52.9,110.1,68.4,1.1,109.3,79,71,71,71
Darko Milicic,Pre,2545,20032013,41,98,232,196,42.2,88.5,-25.5,-0.6,89.2,30,28,31,33
Carmelo Anthony,Pre,2546,20032018,68,426,969,934,48.2,99.8,-1.5,0.0,104.2,99,54,56,72
Chris Bosh,Pre,2547,20032016,62,329,666,680,51.1,106.5,41.6,0.7,111.7,84,65,69,74
Dwyane Wade,Pre,2548,20032018,62,313,700,659,47.1,97.4,-17.9,-0.3,99.3,79,45,44,53
Chris Kaman,Pre,2549,20032016,47,215,421,430,51.1,106.4,26.0,0.6,116.0,65,64,68,74
Kirk Hinrich,Pre,2550,20032016,65,216,478,510,53.4,111.3,51.5,0.8,115.7,46,71,71,76
T.J. Ford,Pre,2551,20032012,31,119,279,256,45.9,96.3,-10.0,-0.3,98.5,70,45,45,49
Jarvis Hayes,Pre,2553,20032010,21,86,187,198,52.9,110.9,19.5,0.9,112.5,60,68,73,71
Mickael Pietrus,Pre,2554,20032013,30,94,228,228,50.0,104.1,9.1,0.3,95.9,47,56,55,44
Nick Collison,Pre,2555,20042018,42,118,247,239,48.4,101.5,3.7,0.1,95.9,31,52,53,41
Marcus Banks,Pre,2556,20032011,26,66,157,156,49.7,104.0,5.9,0.2,101.4,30,59,59,58
Luke Ridnour,Pre,2557,20032015,57,168,384,376,49.0,102.4,8.7,0.2,110.3,39,55,54,64
Reece Gaines,Pre,2558,20032006,4,6,17,12,35.3,75.1,-4.0,-1.0,77.8,3,10,20,12
David West,Pre,2561,20032018,63,256,563,516,45.8,95.3,-25.0,-0.4,106.3,62,43,43,59
Sasha Pavlovic,Pre,2562,20032013,28,57,151,133,44.0,91.7,-12.1,-0.4,87.4,26,36,36,32
Dahntay Jones,Pre,2563,20032017,55,127,295,271,45.9,95.9,-11.7,-0.2,95.3,26,49,50,46
Boris Diaw,Pre,2564,20032017,66,167,327,359,54.9,114.6,45.6,0.7,112.0,20,74,69,73
Carlos Delfino,Pre,2568,20042013,41,131,323,323,50.0,104.4,13.8,0.3,98.2,54,60,61,49
Kendrick Perkins,Pre,2570,20032018,46,92,181,184,50.8,105.8,10.2,0.2,101.2,11,57,56,55
Leandro Barbosa,Pre,2571,20032017,53,209,455,472,51.9,108.0,34.7,0.7,100.3,60,68,70,53
Josh Howard,Pre,2572,20032013,32,162,328,348,53.1,111.5,36.2,1.1,117.0,85,74,79,81
Maciej Lampe,Pre,2573,20032006,3,6,16,12,37.5,79.9,-3.0,-1.0,84.0,11,13,20,24
Luke Walton,Pre,2575,20032013,18,43,95,93,49.0,102.0,1.9,0.1,107.5,17,48,48,52
Steve Blake,Pre,2581,20032016,56,118,318,291,45.8,95.6,-13.6,-0.2,97.3,26,39,41,43
Derrick Zimmerman,Pre,2583,20052006,3,4,5,8,80.0,170.4,3.3,1.1,135.1,0,100,80,97
Willie Green,Pre,2584,20032015,50,150,407,335,41.2,85.9,-55.5,-1.1,95.2,57,24,24,41
Zaza Pachulia,Pre,2585,20032018,64,173,353,346,49.0,101.7,5.8,0.1,98.1,13,42,39,41
Keith Bogans,Pre,2586,20032014,42,87,210,216,51.4,107.8,15.5,0.4,98.2,17,59,57,51
Matt Bonner,Pre,2588,20042016,51,114,258,272,52.7,110.1,25.2,0.5,115.7,21,66,64,74
Mo Williams,Pre,2590,20032016,52,198,480,449,46.8,97.9,-9.1,-0.2,105.7,71,45,43,57
James Jones,Pre,2592,20032017,49,132,327,358,54.7,114.6,45.6,0.9,113.4,39,75,75,73
Kyle Korver,Pre,2594,20032018,69,243,557,608,54.6,113.2,71.3,1.0,117.6,41,64,65,66
Marquis Daniels,Pre,2605,20032013,47,164,330,342,51.8,108.7,27.3,0.6,108.0,46,64,63,62
Udonis Haslem,Pre,2617,20032018,53,167,328,334,50.9,106.3,20.0,0.4,115.2,2,49,49,61
Quinton Ross,Pre,2624,20042011,34,74,192,158,41.2,86.2,-25.2,-0.7,91.6,23,25,29,35
Alex Scales,Pre,2637,20052006,4,9,20,20,50.0,106.5,1.2,0.3,106.0,6,60,59,59
Josh Davis,Pre,2668,20032012,12,14,40,36,45.0,94.7,-2.0,-0.2,87.3,9,57,54,45
Matt Carroll,Pre,2679,20032013,40,77,217,177,40.8,85.5,-30.3,-0.8,92.9,30,32,36,45
Keith McLeod,Pre,2693,20032007,8,18,47,39,41.5,87.5,-5.6,-0.7,92.3,22,25,30,39
Lynn Greer,Pre,2696,20062007,5,7,21,17,40.5,84.2,-3.2,-0.6,74.6,3,20,33,10
Dwight Howard,Pre,2730,20042018,65,349,619,698,56.4,117.2,102.6,1.6,108.7,73,80,83,66
Emeka Okafor,Pre,2731,20042018,40,125,259,250,48.3,101.0,2.3,0.1,95.1,0,61,56,52
Shaun Livingston,Pre,2733,20042018,43,92,191,185,48.4,100.4,0.5,0.0,107.5,0,46,50,52
Devin Harris,Pre,2734,20042018,66,191,450,418,46.4,96.6,-15.3,-0.2,94.7,19,37,39,24
Luol Deng,Pre,2736,20042018,77,293,664,635,47.8,99.6,-2.8,0.0,102.0,50,40,40,39
Rafael Araujo,Pre,2737,20042007,12,21,47,42,44.7,94.5,-2.6,-0.2,95.7,5,50,53,48
Andre Iguodala,Pre,2738,20042018,78,260,622,578,46.5,96.7,-19.5,-0.2,96.1,3,47,48,38
Andris Biedrins,Pre,2740,20042014,36,97,153,194,63.4,132.2,47.2,1.3,113.8,14,92,83,73
Robert Swift,Pre,2741,20042009,12,22,55,44,40.0,84.0,-8.4,-0.7,85.5,11,35,36,42
Sebastian Telfair,Pre,2742,20042015,43,115,305,257,42.1,87.8,-35.5,-0.8,86.3,45,38,39,38
Al Jefferson,Pre,2744,20042018,73,364,763,729,47.8,99.3,-5.3,-0.1,104.0,77,50,51,59
Kirk Snyder,Pre,2745,20042008,15,42,100,96,48.0,100.8,0.7,0.0,93.2,33,52,50,36
Josh Smith,Pre,2746,20042018,69,309,687,658,47.9,99.7,-2.4,0.0,99.5,75,49,46,49
JR Smith,Pre,2747,20042018,55,236,576,556,48.3,100.3,0.9,0.0,101.3,53,32,34,37
Jameer Nelson,Pre,2749,20042018,71,211,529,477,45.1,93.8,-31.3,-0.4,95.2,47,46,45,48
Sergei Monia,Pre,2752,20052006,3,9,14,21,75.0,159.7,7.9,2.6,159.0,4,100,97,100
Tony Allen,Pre,2754,20042018,51,133,312,275,44.1,92.1,-23.5,-0.5,84.8,31,40,39,35
Kevin Martin,Pre,2755,20042016,58,281,578,644,55.7,116.4,90.6,1.6,117.6,76,76,80,77
Sasha Vujacic,Pre,2756,20042017,36,89,198,210,53.0,109.9,19.3,0.5,115.0,19,66,62,71
Beno Udrih,Pre,2757,20042017,50,122,309,268,43.4,90.5,-28.0,-0.6,95.1,31,39,41,45
David Harrison,Pre,2758,20042008,9,18,41,36,43.9,92.0,-3.1,-0.3,90.1,10,43,39,37
Anderson Varejao,Pre,2760,20042017,54,145,277,290,52.4,108.9,23.4,0.4,108.2,17,84,81,91
Jackson Vroman,Pre,2761,20042006,3,7,11,14,63.6,135.5,3.7,1.2,117.2,0,97,81,80
Royal Ivey,Pre,2767,20042014,33,55,139,122,43.9,92.0,-10.8,-0.3,94.0,15,35,39,38
Chris Duhon,Pre,2768,20042013,47,92,231,226,48.9,102.2,4.8,0.1,97.1,19,52,54,45
Trevor Ariza,Pre,2772,20042018,77,271,643,638,49.6,102.3,15.7,0.2,93.1,68,71,74,55
Bernard Robinson,Pre,2774,20042007,12,18,52,36,34.6,72.9,-13.3,-1.1,73.3,3,12,20,12
Ha Ha,Pre,2775,20042006,3,3,4,6,75.0,159.7,2.2,0.7,126.6,0,100,73,93
Pape Sow,Pre,2776,20042007,1,1,4,2,25.0,53.2,-1.8,-1.8,42.2,2,1,8,0
Vassilis Spanoulis,Pre,2779,20062007,7,13,32,29,45.3,94.2,-1.8,-0.3,87.6,5,39,42,26
Andres Nocioni,Pre,2804,20042012,36,133,288,317,55.0,114.9,41.1,1.1,114.4,56,74,75,72
Andre Brown,Pre,2810,20062009,12,33,65,66,50.8,106.5,4.0,0.3,97.2,17,63,59,46
James Thomas,Pre,2839,20042006,5,7,14,14,50.0,106.5,0.9,0.2,84.4,0,60,54,24
Awvee Storey,Pre,2852,20042008,15,26,58,55,47.4,100.0,0.1,0.0,96.5,5,51,47,43
Damien Wilkins,Pre,2863,20042018,46,144,316,310,49.1,102.2,7.0,0.2,107.1,41,57,59,65
Billy Thomas,Pre,2873,20042008,4,5,20,14,35.0,74.5,-4.8,-1.2,73.9,6,9,16,10
Andrew Bogut,Pre,101106,20052018,53,170,325,340,52.3,109.2,29.0,0.5,103.7,0,74,71,73
Marvin Williams,Pre,101107,20052018,71,233,524,525,50.1,103.8,19.0,0.3,104.7,24,32,34,35
Chris Paul,Pre,101108,20052018,76,296,674,663,49.2,102.0,12.5,0.2,108.1,70,38,38,44
Raymond Felton,Pre,101109,20052018,73,238,599,520,43.4,90.2,-56.8,-0.8,90.9,36,45,47,52
Martell Webster,Pre,101110,20052015,40,142,330,337,51.1,106.9,21.6,0.5,103.8,57,60,61,55
Charlie Villanueva,Pre,101111,20052016,63,249,591,554,46.9,98.0,-11.4,-0.2,98.1,68,53,53,53
Channing Frye,Pre,101112,20052018,60,182,455,409,45.0,93.5,-28.2,-0.5,97.5,15,62,61,60
Deron Williams,Pre,101114,20052017,58,256,540,572,53.0,110.3,53.3,0.9,112.1,66,72,73,74
Andrew Bynum,Pre,101115,20052014,25,133,222,266,59.9,125.3,53.5,2.1,110.7,61,91,94,77
Sean May,Pre,101118,20052010,23,66,168,133,39.6,82.2,-28.6,-1.2,89.1,42,20,19,32
Rashad McCants,Pre,101119,20052009,17,74,172,166,48.3,101.8,2.7,0.2,96.2,80,51,49,43
Antoine Wright,Pre,101120,20052011,30,93,217,204,47.0,98.3,-3.4,-0.1,88.5,41,49,49,32
Joey Graham,Pre,101121,20052011,30,61,145,125,43.1,90.0,-13.9,-0.5,93.7,13,37,42,45
Danny Granger,Pre,101122,20052015,54,207,563,482,42.8,89.4,-56.7,-1.1,86.1,74,35,31,30
Gerald Green,Pre,101123,20052018,73,257,586,583,49.7,103.3,18.3,0.3,105.8,67,54,60,58
Hakim Warrick,Pre,101124,20052013,47,173,364,350,48.1,100.6,2.1,0.0,99.3,51,52,52,48
Nate Robinson,Pre,101126,20052016,59,227,566,528,46.6,97.3,-14.6,-0.2,93.5,70,43,44,38
Jarrett Jack,Pre,101127,20052018,73,225,526,487,46.3,96.4,-19.0,-0.3,101.1,41,43,46,55
Francisco Garcia,Pre,101128,20052015,41,98,244,242,49.6,104.2,9.7,0.2,100.3,32,60,60,54
Luther Head,Pre,101129,20052011,27,87,180,205,56.9,119.2,33.1,1.2,117.8,34,75,70,68
Johan Petro,Pre,101130,20052013,40,81,176,162,46.0,96.3,-6.4,-0.2,102.2,15,44,42,54
Jason Maxiell,Pre,101131,20052015,58,174,339,348,51.3,107.4,23.9,0.4,109.2,27,64,64,67
Linas Kleiza,Pre,101132,20052013,33,122,269,276,51.3,107.3,18.9,0.6,103.7,55,61,64,55
Ian Mahinmi,Pre,101133,20072018,55,131,239,264,55.2,114.2,33.3,0.6,105.3,5,79,69,62
David Lee,Pre,101135,20052017,69,320,648,640,49.4,102.9,18.4,0.3,99.0,65,54,58,50
Daniel Ewing,Pre,101137,20052007,9,31,72,72,50.0,105.6,3.6,0.4,109.6,54,55,53,60
Brandon Bass,Pre,101138,20052017,71,257,477,516,54.1,112.6,57.8,0.8,119.2,40,70,70,76
CJ Miles,Pre,101139,20052018,68,205,520,490,47.1,97.5,-11.4,-0.2,96.4,76,48,45,48
Ersan Ilyasova,Pre,101141,20062018,62,198,484,461,47.6,98.4,-7.4,-0.1,98.1,54,36,36,28
Ronny Turiaf,Pre,101142,20052015,41,72,132,144,54.6,114.1,17.7,0.4,106.6,9,73,65,59
Travis Diener,Pre,101143,20052010,19,39,99,101,51.0,107.1,6.9,0.4,110.0,15,67,65,71
Von Wafer,Pre,101144,20052012,21,64,134,156,58.2,122.2,28.4,1.4,118.3,42,86,87,81
Monta Ellis,Pre,101145,20052017,60,297,705,636,45.1,93.9,-41.7,-0.7,95.1,82,37,30,40
Roko Ukic,Pre,101146,20082010,14,24,53,54,50.9,105.5,2.8,0.2,101.9,1,58,54,52
Chris Taft,Pre,101147,20052006,4,5,10,10,50.0,106.5,0.6,0.2,105.6,0,60,54,59
Mile Ilic,Pre,101148,20062007,5,3,9,6,33.3,69.3,-2.7,-0.5,67.0,0,6,36,5
Lou Williams,Pre,101150,20052018,75,276,667,612,45.9,94.8,-33.8,-0.5,96.6,78,31,26,40
Bracey Wright,Pre,101152,20052007,9,18,53,42,39.6,83.5,-8.2,-0.9,86.5,22,19,24,30
Mickael Gelabale,Pre,101153,20062013,13,22,54,47,43.5,91.2,-4.7,-0.4,88.2,3,43,41,38
Andray Blatche,Pre,101154,20052014,52,226,508,462,45.5,95.1,-24.1,-0.5,95.6,72,48,47,46
Ryan Gomes,Pre,101155,20052014,47,143,319,307,48.1,100.6,1.5,0.0,100.4,41,46,47,47
Robert Whaley,Pre,101156,20052006,4,11,20,22,55.0,117.1,3.2,0.8,113.0,6,83,74,73
Dijon Thompson,Pre,101159,20052007,3,5,7,12,85.7,182.5,5.4,1.8,177.6,0,100,89,100
Amir Johnson,Pre,101161,20052018,73,194,352,396,56.3,116.6,56.4,0.8,109.6,14,79,76,72
Marcin Gortat,Pre,101162,20072018,70,236,423,472,55.8,115.2,62.3,0.9,114.1,45,66,65,60
Alex Acker,Pre,101165,20052009,12,14,37,30,40.5,85.1,-5.2,-0.4,98.3,1,30,39,53
Uros Slokar,Pre,101166,20062007,1,3,5,6,60.0,124.8,1.2,1.2,120.7,8,93,84,88
Fabricio Oberto,Pre,101177,20052011,24,47,84,94,56.0,117.1,13.7,0.6,113.8,2,76,67,71
Arvydas Macijauskas,Pre,101178,20052006,3,4,9,9,50.0,106.5,0.5,0.2,90.1,0,60,56,30
Ronnie Price,Pre,101179,20052017,53,99,272,221,40.6,84.5,-40.3,-0.8,86.1,20,36,37,37
Jose Calderon,Pre,101181,20052018,74,196,445,446,50.1,104.1,18.1,0.2,108.6,8,84,74,90
Shavlik Randolph,Pre,101183,20052015,23,47,112,96,42.9,89.1,-11.6,-0.5,82.7,15,52,50,40
Deng Gai,Pre,101184,20052006,4,7,11,14,63.6,135.5,3.7,0.9,116.9,0,97,76,80
Rawle Marshall,Pre,101185,20052007,11,22,46,45,48.9,102.2,1.0,0.1,95.9,5,58,59,45
Alan Anderson,Pre,101187,20052017,25,57,137,139,50.7,105.8,7.4,0.3,108.1,24,60,56,61
James Singleton,Pre,101189,20052012,24,29,87,59,33.9,70.8,-24.5,-1.0,70.1,6,15,21,13
Luke Schenscher,Pre,101195,20052007,2,1,4,2,25.0,52.0,-1.8,-0.9,62.1,0,5,26,14
Sharrod Ford,Pre,101213,20052006,5,8,15,16,53.3,113.6,1.9,0.4,116.3,0,77,60,79
Will Conroy,Pre,101215,20062013,13,16,43,36,41.9,86.8,-5.5,-0.4,89.6,4,38,42,45
Chuck Hayes,Pre,101236,20052016,51,75,154,150,48.7,101.5,2.3,0.0,94.4,2,52,49,38
Boniface Ndong,Pre,101238,20052006,3,4,10,8,40.0,85.2,-1.4,-0.5,97.4,0,21,35,42
John Lucas III,Pre,101249,20052017,43,98,241,235,48.8,101.9,4.1,0.1,105.7,26,52,52,53
Andre Owens,Pre,101261,20052008,11,26,60,57,47.5,100.8,0.4,0.0,97.5,15,49,49,46
Jamario Moon,Pre,200081,20072012,24,50,135,120,44.4,92.3,-9.8,-0.4,87.7,20,45,45,38
Andrea Bargnani,Pre,200745,20062016,50,224,538,497,46.2,96.5,-17.9,-0.4,103.7,81,46,46,59
LaMarcus Aldridge,Pre,200746,20062018,57,347,710,698,49.2,101.3,9.5,0.2,112.8,94,51,49,76
Tyrus Thomas,Pre,200748,20062015,38,135,296,270,45.6,95.1,-13.6,-0.4,95.7,51,47,46,47
Shelden Williams,Pre,200749,20062012,38,84,175,168,48.0,100.2,0.3,0.0,103.9,18,51,54,60
Brandon Roy,Pre,200750,20062013,34,143,323,310,48.0,99.8,-0.5,0.0,105.0,70,45,42,53
Randy Foye,Pre,200751,20062017,64,170,484,396,40.9,85.0,-69.7,-1.1,87.2,50,26,26,30
Rudy Gay,Pre,200752,20062018,75,380,836,836,50.0,103.7,29.8,0.4,105.9,74,43,44,46
Mouhamed Sene,Pre,200754,20062009,7,14,25,28,56.0,117.4,4.2,0.6,113.9,1,81,67,75
JJ Redick,Pre,200755,20062018,63,240,524,592,56.5,116.6,84.4,1.3,120.1,70,63,60,68
Hilton Armstrong,Pre,200756,20062014,26,75,154,150,48.7,101.5,2.2,0.1,96.9,26,52,49,45
Thabo Sefolosha,Pre,200757,20062018,62,139,341,310,45.5,93.9,-20.1,-0.3,91.3,10,52,54,45
Ronnie Brewer,Pre,200758,20062014,44,148,292,301,51.5,107.8,21.6,0.5,100.7,42,67,68,56
Cedric Simmons,Pre,200759,20062009,8,16,33,32,48.5,101.0,0.3,0.0,93.8,10,53,53,38
Shawne Williams,Pre,200761,20062015,38,88,215,205,47.7,99.3,-1.2,0.0,96.7,27,49,49,44
Rajon Rondo,Pre,200765,20062018,63,200,445,415,46.6,96.7,-13.8,-0.2,94.0,24,67,64,63
Kyle Lowry,Pre,200768,20062018,70,210,492,486,49.4,102.0,9.8,0.1,98.5,70,83,86,78
Shannon Brown,Pre,200769,20062015,53,165,379,359,47.4,98.8,-4.1,-0.1,103.1,42,52,53,59
Jordan Farmar,Pre,200770,20062017,47,153,320,360,56.3,117.0,51.9,1.1,108.3,41,77,76,64
Sergio Rodriguez,Pre,200771,20062017,28,47,136,115,42.3,87.4,-16.7,-0.6,83.8,15,28,31,23
Maurice Ager,Pre,200772,20062011,21,63,162,140,43.2,90.4,-14.8,-0.7,89.9,49,32,27,32
Mardy Collins,Pre,200776,20062010,18,33,65,72,55.4,115.5,9.6,0.5,103.9,3,69,67,59
Joel Freeland,Pre,200777,20122015,21,34,97,69,35.6,74.2,-24.0,-1.1,77.4,10,8,17,13
James White,Pre,200778,20062013,15,27,72,59,41.0,85.2,-10.1,-0.7,84.0,12,21,25,23
Steve Novak,Pre,200779,20062017,47,115,223,312,70.0,145.7,98.0,2.1,145.2,19,99,94,98
Paul Davis,Pre,200781,20062010,23,56,140,112,40.0,83.7,-21.9,-1.0,86.6,31,20,20,24
PJ Tucker,Pre,200782,20062018,38,88,196,201,51.3,105.2,10.3,0.3,99.8,4,46,46,36
Craig Smith,Pre,200783,20062012,31,100,190,200,52.6,109.7,17.7,0.6,100.4,37,66,64,48
Kosta Perovic,Pre,200785,20072008,1,1,3,2,33.3,70.4,-0.8,-0.8,82.8,0,5,26,16
James Augustine,Pre,200788,20062008,10,20,39,40,51.3,107.8,2.9,0.3,99.3,8,65,59,48
Daniel Gibson,Pre,200789,20062013,36,119,287,282,49.1,102.4,6.7,0.2,106.0,54,56,59,65
Marcus Vinicius,Pre,200790,20062008,4,5,17,12,35.3,74.2,-4.2,-1.0,58.6,11,9,16,3
Paul Millsap,Pre,200794,20062018,72,262,574,539,47.0,97.2,-16.6,-0.2,96.2,74,28,24,30
Leon Powe,Pre,200796,20062011,20,53,102,106,52.0,108.5,8.3,0.4,98.3,14,66,62,45
Ryan Hollins,Pre,200797,20062016,56,97,177,194,54.8,114.1,24.2,0.4,104.4,3,65,60,52
Cheikh Samb,Pre,200798,20072009,10,13,38,27,35.5,74.8,-9.1,-0.9,85.8,5,8,19,22
Guillermo Diaz,Pre,200799,20072008,6,17,36,38,52.8,111.5,3.9,0.7,106.1,21,70,66,58
Hassan Adams,Pre,200801,20062009,13,26,56,52,46.4,96.8,-1.7,-0.1,84.4,6,44,46,21
Damir Markota,Pre,200806,20062007,4,6,15,13,43.3,90.1,-1.4,-0.4,88.3,1,30,41,27
Chris Quinn,Pre,200809,20062013,21,28,86,64,37.2,77.9,-18.4,-0.9,79.8,8,26,27,26
Allan Ray,Pre,200810,20062007,6,8,31,19,30.7,63.7,-10.8,-1.8,66.6,11,3,8,5
Jorge Garbajosa,Pre,200816,20062008,11,28,74,70,47.3,98.9,-0.8,-0.1,100.3,35,49,49,50
J.J. Barea,Pre,200826,20062018,72,188,510,418,41.0,84.9,-74.5,-1.0,85.9,42,23,24,27
Ivan McFarlin,Pre,200829,20062007,3,6,13,12,46.2,96.0,-0.5,-0.2,82.8,4,42,45,18
Walter Herrmann,Pre,200835,20062009,13,24,69,61,44.2,92.7,-4.9,-0.4,83.8,14,51,46,42
Chris McCray,Pre,200840,20062007,5,7,23,15,32.6,67.8,-7.1,-1.4,70.7,5,5,13,7
Cedric Bozeman,Pre,200841,20062007,5,8,17,17,50.0,104.0,0.7,0.1,98.6,0,59,56,49
Jeremy Richardson,Pre,200978,20062009,8,18,47,37,39.4,82.9,-7.6,-1.0,88.7,25,18,23,28
Randolph Morris,Pre,201043,20062010,12,20,40,40,50.0,104.0,1.5,0.1,115.0,1,43,47,48
Greg Oden,Pre,201141,20082014,14,58,105,116,55.2,114.4,14.5,1.0,100.9,51,76,76,51
Kevin Durant,Pre,201142,20072018,58,378,780,847,54.3,112.3,93.2,1.6,116.0,91,89,94,91
Al Horford,Pre,201143,20072018,65,260,516,537,52.0,108.0,40.0,0.6,114.8,54,64,62,63
Mike Conley,Pre,201144,20072018,69,252,531,567,53.4,110.2,52.4,0.8,105.0,47,44,47,46
Jeff Green,Pre,201145,20072018,68,281,662,621,46.9,96.9,-19.0,-0.3,92.9,56,47,48,43
Corey Brewer,Pre,201147,20072018,69,221,525,492,46.9,97.5,-12.9,-0.2,91.5,51,48,48,38
Brandan Wright,Pre,201148,20072018,45,145,270,290,53.7,111.2,29.0,0.6,108.3,27,61,59,59
Joakim Noah,Pre,201149,20072018,54,146,313,292,46.7,97.0,-9.0,-0.2,88.8,29,48,48,36
Spencer Hawes,Pre,201150,20072017,51,192,449,414,46.1,95.7,-18.7,-0.4,96.5,68,40,38,42
Acie Law,Pre,201151,20072011,22,66,143,147,51.4,107.1,10.0,0.5,112.2,31,58,56,54
Thaddeus Young,Pre,201152,20072018,64,302,624,630,50.5,104.6,27.7,0.4,99.5,73,58,60,62
Julian Wright,Pre,201153,20072011,21,49,107,99,46.3,96.2,-3.9,-0.2,90.3,19,31,34,23
Al Thornton,Pre,201154,20072011,24,113,238,239,50.2,104.9,11.2,0.5,106.7,68,57,62,60
Rodney Stuckey,Pre,201155,20072017,57,227,560,477,42.6,88.4,-62.0,-1.1,89.1,73,29,26,31
Nick Young,Pre,201156,20072018,58,234,553,557,50.4,104.6,24.7,0.4,109.2,75,57,60,63
Sean Williams,Pre,201157,20072012,12,14,35,28,40.0,83.6,-5.5,-0.5,74.0,0,30,34,18
Marco Belinelli,Pre,201158,20072018,70,223,570,520,45.6,94.6,-29.8,-0.4,98.1,55,41,45,49
Jason Smith,Pre,201160,20072018,56,153,340,321,47.2,97.1,-9.3,-0.2,104.3,25,36,40,57
Daequan Cook,Pre,201161,20072013,26,93,253,234,46.3,96.4,-8.5,-0.3,99.6,74,45,47,52
Jared Dudley,Pre,201162,20072018,55,151,296,363,61.3,127.0,77.6,1.4,121.9,9,88,86,88
Wilson Chandler,Pre,201163,20072018,51,181,407,414,50.9,104.8,19.2,0.4,102.2,52,61,64,57
Rudy Fernandez,Pre,201164,20082012,16,53,123,140,56.9,118.6,22.0,1.4,110.3,56,84,87,76
Morris Almond,Pre,201165,20072012,16,27,77,56,36.4,76.2,-17.5,-1.1,82.3,15,9,16,17
Aaron Brooks,Pre,201166,20072018,58,181,448,423,47.2,98.1,-8.7,-0.1,96.9,50,52,52,48
Arron Afflalo,Pre,201167,20072018,62,223,466,513,55.0,114.1,63.4,1.0,116.7,42,76,77,80
Tiago Splitter,Pre,201168,20102017,19,39,75,78,52.0,110.0,6.9,0.4,97.7,15,67,61,48
Carl Landry,Pre,201171,20072016,40,157,295,314,53.2,110.6,30.1,0.8,109.7,48,70,70,67
Gabe Pruitt,Pre,201172,20072009,14,26,68,61,44.9,93.9,-4.0,-0.3,90.5,15,35,37,29
Glen Davis,Pre,201175,20072015,38,132,273,264,48.4,101.0,2.4,0.1,102.7,42,52,54,53
Jermareo Davidson,Pre,201176,20072009,8,19,33,38,57.6,121.4,6.7,0.8,124.2,9,84,74,81
Josh McRoberts,Pre,201177,20072018,36,81,180,182,50.6,105.7,9.7,0.3,99.5,24,57,59,50
Sun Sun,Pre,201180,20082009,5,1,8,2,12.5,26.1,-5.7,-1.1,33.6,0,0,17,0
Chris Richard,Pre,201181,20072010,16,14,35,28,40.0,83.1,-5.7,-0.4,74.9,0,20,34,11
Marc Gasol,Pre,201188,20082018,61,220,496,449,45.3,93.4,-32.5,-0.5,100.6,76,37,33,57
Aaron Gray,Pre,201189,20072014,30,52,104,104,50.0,104.9,4.9,0.2,102.0,12,66,59,62
Taurean Green,Pre,201192,20072008,6,13,42,33,39.3,83.0,-6.8,-1.1,75.9,35,17,19,8
Herbert Hill,Pre,201195,20072008,3,3,10,6,30.0,63.4,-3.5,-1.2,60.1,0,2,19,2
Ramon Sessions,Pre,201196,20072018,72,205,521,422,40.5,83.9,-81.0,-1.1,80.2,43,26,24,20
Darryl Watkins,Pre,201208,20072012,15,14,32,28,43.8,91.9,-2.5,-0.2,83.4,0,48,49,35
C.J. Watson,Pre,201228,20072017,45,124,299,282,47.2,98.4,-4.8,-0.1,98.5,38,49,47,49
Anthony Tolliver,Pre,201229,20082018,64,130,351,333,47.4,97.9,-6.8,-0.1,96.0,14,55,55,51
Mario West,Pre,201238,20072011,17,16,33,33,50.0,104.3,1.3,0.1,89.9,0,56,51,38
Michael Beasley,Pre,201563,20082018,47,204,468,429,45.8,95.0,-23.1,-0.5,103.0,47,16,16,21
O.J. Mayo,Pre,201564,20082016,51,198,489,468,47.9,99.6,-1.6,0.0,101.8,71,54,54,57
Derrick Rose,Pre,201565,20082018,44,238,500,516,51.6,106.6,31.9,0.7,106.8,67,79,84,77
Russell Westbrook,Pre,201566,20082018,45,203,480,435,45.3,93.5,-30.8,-0.7,93.7,83,40,39,40
Kevin Love,Pre,201567,20082018,48,217,477,497,52.1,108.2,36.6,0.8,106.8,69,48,50,52
Danilo Gallinari,Pre,201568,20082018,42,158,383,380,49.6,102.3,8.6,0.2,103.7,53,60,62,67
Eric Gordon,Pre,201569,20082018,51,227,521,564,54.1,111.1,56.7,1.1,106.4,78,50,51,47
D.J. Augustin,Pre,201571,20082018,67,175,458,414,45.2,93.1,-30.3,-0.5,87.2,36,35,36,32
Brook Lopez,Pre,201572,20082018,52,272,547,558,51.0,105.6,29.3,0.6,107.3,77,47,47,54
Jerryd Bayless,Pre,201573,20082018,55,157,389,362,46.5,96.7,-12.4,-0.2,94.0,15,49,50,39
Jason Thompson,Pre,201574,20082016,49,141,324,282,43.5,90.5,-29.4,-0.6,91.1,40,34,37,34
Anthony Randolph,Pre,201576,20082014,34,105,257,213,41.4,86.4,-33.5,-1.0,87.2,55,26,26,32
Robin Lopez,Pre,201577,20082018,61,201,410,402,49.0,101.0,4.2,0.1,101.6,33,59,58,69
Marreese Speights,Pre,201578,20082018,61,220,489,464,47.4,97.8,-9.6,-0.2,103.1,43,47,46,54
Roy Hibbert,Pre,201579,20082017,58,217,488,434,44.5,92.4,-35.4,-0.6,95.9,55,37,36,46
JaVale McGee,Pre,201580,20082018,55,191,367,383,52.2,108.0,29.1,0.5,99.8,1,74,66,53
JJ Hickson,Pre,201581,20082016,43,158,323,316,48.9,102.1,6.4,0.1,95.0,46,57,59,45
Ryan Anderson,Pre,201583,20082018,65,250,610,638,52.3,108.0,47.6,0.7,107.0,84,55,56,59
Courtney Lee,Pre,201584,20082018,59,196,432,452,52.3,108.2,34.6,0.6,107.3,46,63,65,60
Kosta Koufos,Pre,201585,20082018,53,137,261,275,52.7,109.1,22.9,0.4,102.8,15,65,61,56
Serge Ibaka,Pre,201586,20092018,47,221,429,467,54.4,112.3,50.6,1.1,117.4,78,70,77,81
Nicolas Batum,Pre,201587,20082018,55,195,440,455,51.7,107.2,29.9,0.5,104.9,64,39,36,41
George Hill,Pre,201588,20082018,48,149,362,340,47.0,96.8,-11.2,-0.2,98.4,53,45,47,55
Darrell Arthur,Pre,201589,20082018,33,108,229,220,48.0,99.6,-1.0,0.0,108.6,40,52,54,65
Donte Greene,Pre,201590,20082012,20,33,93,76,40.9,85.3,-13.3,-0.7,84.2,14,21,26,18
DJ White,Pre,201591,20082014,13,35,72,70,48.6,101.2,0.8,0.1,108.4,39,53,59,63
J.R. Giddens,Pre,201592,20082010,10,10,26,20,38.5,79.7,-5.2,-0.5,80.3,0,30,33,25
Nikola Pekovic,Pre,201593,20102016,28,94,183,188,51.4,107.1,12.2,0.4,97.2,44,62,59,43
Joey Dorsey,Pre,201595,20082015,14,25,50,50,50.0,103.3,1.6,0.1,90.8,1,52,52,33
Mario Chalmers,Pre,201596,20082018,45,106,261,244,46.7,96.5,-8.8,-0.2,93.1,27,42,42,37
DeAndre Jordan,Pre,201599,20082018,59,207,297,414,69.7,144.2,127.1,2.2,122.6,5,98,89,80
Omer Asik,Pre,201600,20102018,34,68,142,136,47.9,99.2,-1.0,0.0,83.7,13,48,47,22
Luc Mbah a Moute,Pre,201601,20082018,43,97,214,208,48.6,99.8,0.2,0.0,95.2,5,62,59,52
Sonny Weems,Pre,201603,20082016,22,85,177,177,50.0,103.7,6.3,0.3,102.3,53,56,56,53
Nathan Jawai,Pre,201605,20082010,2,1,4,2,25.0,51.4,-1.9,-0.9,41.0,0,1,22,1
Goran Dragic,Pre,201609,20082018,63,235,505,515,51.0,105.1,24.6,0.4,104.1,68,64,68,65
Henry Walker,Pre,201611,20082015,12,28,58,66,56.9,118.4,10.3,0.9,106.6,18,72,74,64
Malik Hairston,Pre,201612,20082010,13,30,65,62,47.7,98.7,-0.7,-0.1,99.1,11,48,43,47
Sasha Kaun,Pre,201619,20152016,7,7,13,14,53.9,112.4,1.5,0.2,90.6,0,38,44,13
Semih Erden,Pre,201623,20102012,8,18,29,36,62.1,129.0,8.1,1.0,110.7,1,95,77,72
Bobby Brown,Pre,201628,20082018,24,72,189,168,44.4,91.4,-16.0,-0.7,93.6,56,34,33,39
Othello Hunter,Pre,201629,20082010,10,20,46,40,43.5,89.8,-4.5,-0.5,77.9,7,27,33,10
Steven Hill,Pre,201631,20082009,1,0,1,0,0.0,0.0,-1.0,-1.0,0.0,0,0,21,0
Hamed Haddadi,Pre,201632,20082013,17,16,49,32,32.7,67.9,-15.1,-0.9,68.8,0,12,24,14
DeMarcus Nelson,Pre,201634,20082009,6,25,36,50,69.4,144.8,15.5,2.6,136.9,21,100,97,97
Othyus Jeffers,Pre,201785,20092014,10,25,50,50,50.0,104.6,2.2,0.2,85.9,16,58,55,24
Chris Hunter,Pre,201805,20092010,2,3,7,6,42.9,88.2,-0.8,-0.4,100.6,0,20,34,49
Cartier Martin,Pre,201858,20082015,18,40,110,96,43.6,90.3,-10.1,-0.6,90.1,29,33,33,34
Blake Griffin,Pre,201933,20102018,53,364,687,747,54.4,112.1,81.0,1.5,109.5,94,64,74,67
James Harden,Pre,201935,20092018,54,267,637,651,51.1,104.9,30.3,0.6,103.7,96,51,48,49
Tyreke Evans,Pre,201936,20092018,35,159,380,339,44.6,92.4,-28.8,-0.8,86.6,62,46,47,40
Ricky Rubio,Pre,201937,20112018,33,87,231,198,42.9,87.4,-28.9,-0.9,91.6,34,26,29,34
Stephen Curry,Pre,201939,20092018,57,314,661,758,57.3,117.9,116.1,2.0,119.2,91,94,98,92
Jordan Hill,Pre,201941,20092017,41,119,240,238,49.6,103.2,7.2,0.2,107.0,30,55,54,62
DeMar DeRozan,Pre,201942,20092018,59,272,609,565,46.4,95.6,-25.8,-0.4,99.7,83,43,44,53
Brandon Jennings,Pre,201943,20092018,39,136,399,318,39.9,82.7,-67.3,-1.7,86.8,80,26,23,29
Terrence Williams,Pre,201944,20092013,19,81,191,173,45.3,94.3,-10.7,-0.6,95.3,79,41,37,48
Gerald Henderson,Pre,201945,20092017,36,113,281,235,41.8,87.2,-34.2,-0.9,97.6,54,26,22,44
Earl Clark,Pre,201947,20092015,31,63,171,128,37.4,77.8,-36.4,-1.2,88.3,33,18,21,34
James Johnson,Pre,201949,20092018,50,128,303,272,44.9,92.1,-23.5,-0.5,83.9,33,40,40,29
Jrue Holiday,Pre,201950,20092018,52,208,457,473,51.8,107.0,30.9,0.6,108.2,47,49,48,55
Jeff Teague,Pre,201952,20092018,47,179,455,388,42.6,87.6,-55.0,-1.2,87.3,75,43,44,42
Eric Maynor,Pre,201953,20092014,28,72,186,164,44.1,92.1,-14.2,-0.5,101.9,40,39,39,50
Darren Collison,Pre,201954,20092018,55,212,438,466,53.2,110.0,42.6,0.8,107.6,48,91,92,86
Omri Casspi,Pre,201956,20092018,47,160,328,369,56.3,116.7,52.0,1.1,113.4,38,49,47,45
Byron Mullens,Pre,201957,20092014,25,78,190,188,49.5,103.7,6.7,0.3,105.8,51,56,62,57
Rodrigue Beaubois,Pre,201958,20092013,13,30,69,71,51.5,108.0,5.1,0.4,104.5,22,59,59,54
Taj Gibson,Pre,201959,20092018,57,241,448,485,54.1,111.5,50.2,0.9,113.8,62,70,70,76
DeMarre Carroll,Pre,201960,20092018,51,159,375,355,47.3,97.6,-9.2,-0.2,94.7,53,39,41,35
Wayne Ellington,Pre,201961,20092018,59,166,458,409,44.7,92.2,-35.8,-0.6,92.8,54,39,40,39
Toney Douglas,Pre,201962,20092017,37,87,245,201,41.0,85.5,-34.3,-0.9,84.5,35,31,31,32
Christian Eyenga,Pre,201963,20102012,6,11,19,26,68.4,142.7,7.8,1.3,142.4,17,100,92,100
Victor Claver,Pre,201964,20122015,14,14,41,34,41.5,86.7,-5.2,-0.4,77.0,0,30,39,20
Jeff Ayres,Pre,201965,20092016,19,39,91,78,42.9,89.3,-9.2,-0.5,93.6,12,30,32,36
Dante Cunningham,Pre,201967,20092018,44,111,248,231,46.6,96.2,-9.1,-0.2,99.2,24,24,30,18
DeJuan Blair,Pre,201971,20092016,41,167,307,334,54.4,113.2,38.7,0.9,107.3,47,71,72,62
Jon Brockman,Pre,201972,20092012,7,9,20,18,45.0,92.9,-1.3,-0.2,95.9,14,42,46,52
Jonas Jerebko,Pre,201973,20092018,53,115,280,258,46.1,95.3,-12.9,-0.2,87.9,6,35,41,28
Jodie Meeks,Pre,201975,20092018,46,112,303,276,45.5,94.3,-16.3,-0.4,93.4,45,65,62,65
Patrick Beverley,Pre,201976,20122018,36,88,220,215,48.9,100.8,1.3,0.0,97.4,36,57,57,52
Marcus Thornton,Pre,201977,20092017,45,175,463,415,44.8,93.1,-31.0,-0.7,88.5,80,45,45,37
Nick Calathes,Pre,201979,20132015,15,25,62,52,41.9,87.0,-7.4,-0.5,92.2,5,35,32,39
Danny Green,Pre,201980,20092018,47,116,280,296,52.9,108.8,23.7,0.5,103.8,27,52,52,43
AJ Price,Pre,201985,20092015,33,97,213,236,55.4,115.1,30.9,0.9,122.6,35,75,73,84
Nando De Colo,Pre,201986,20122014,13,20,58,46,39.7,83.4,-9.2,-0.7,80.2,6,17,28,17
Patty Mills,Pre,201988,20092018,31,100,209,234,56.0,114.8,30.7,1.0,116.5,37,84,82,82
Lester Hudson,Pre,201991,20092015,18,31,84,76,45.2,94.0,-4.8,-0.3,92.9,10,37,40,37
Garrett Temple,Pre,202066,20092018,40,74,197,174,44.2,90.2,-18.5,-0.5,92.3,36,47,44,52
Wesley Matthews,Pre,202083,20092018,45,151,349,361,51.7,106.7,21.9,0.5,103.9,52,67,69,68
Alonzo Gee,Pre,202087,20092017,34,54,139,117,42.1,87.6,-16.3,-0.5,81.5,12,50,48,40
Reggie Williams,Pre,202130,20092017,19,41,102,98,48.0,100.2,0.2,0.0,98.7,24,51,56,48
Zabian Dowdell,Pre,202220,20102011,5,10,30,21,35.0,72.8,-7.9,-1.6,87.8,25,5,9,22
Terrel Harris,Pre,202227,20112013,9,19,41,44,53.7,113.5,5.1,0.6,103.1,28,64,62,46
John Wall,Pre,202322,20102018,41,191,466,409,43.9,90.2,-43.1,-1.1,89.8,76,41,39,48
Evan Turner,Pre,202323,20102018,48,158,416,331,39.8,82.2,-71.8,-1.5,88.2,51,31,29,40
Derrick Favors,Pre,202324,20102018,48,188,381,378,49.6,102.3,9.4,0.2,96.1,66,52,52,44
Wesley Johnson,Pre,202325,20102018,48,128,293,307,52.4,107.7,22.6,0.5,111.3,20,65,64,73
DeMarcus Cousins,Pre,202326,20102018,41,239,489,490,50.1,103.5,17.3,0.4,100.6,91,54,51,49
Ekpe Udoh,Pre,202327,20102018,20,36,72,72,50.0,101.7,1.6,0.1,92.2,0,52,46,30
Greg Monroe,Pre,202328,20102018,50,211,462,422,45.7,94.6,-24.1,-0.5,88.8,77,49,48,39
Al-Farouq Aminu,Pre,202329,20102018,51,147,341,333,48.8,100.7,2.5,0.0,94.3,38,58,56,41
Gordon Hayward,Pre,202330,20102018,48,177,426,399,46.8,97.0,-12.1,-0.3,97.2,73,71,74,69
Paul George,Pre,202331,20102018,41,217,535,511,47.8,98.6,-7.4,-0.2,98.6,96,55,59,56
Cole Aldrich,Pre,202332,20102018,28,44,100,88,44.0,91.5,-8.4,-0.3,93.1,9,42,47,45
Xavier Henry,Pre,202333,20102015,19,53,135,115,42.6,89.3,-13.9,-0.7,129.5,45,31,31,55
Ed Davis,Pre,202334,20102018,42,114,202,228,56.4,117.0,33.2,0.8,105.8,8,63,64,52
Patrick Patterson,Pre,202335,20102018,39,103,254,233,45.9,95.2,-12.1,-0.3,95.0,12,29,33,19
Larry Sanders,Pre,202336,20102017,24,62,150,124,41.3,86.1,-19.9,-0.8,84.0,30,25,27,20
Luke Babbitt,Pre,202337,20102018,31,70,163,189,58.0,119.1,30.4,1.0,116.4,19,80,73,72
Kevin Seraphin,Pre,202338,20102017,31,84,203,168,41.4,85.9,-27.4,-0.9,95.1,47,31,33,48
Eric Bledsoe,Pre,202339,20102018,43,167,384,369,48.1,99.2,-3.4,-0.1,98.1,60,51,51,46
Avery Bradley,Pre,202340,20102018,38,156,359,359,50.0,102.6,9.8,0.3,102.5,77,82,88,82
James Anderson,Pre,202341,20102016,27,64,155,156,50.3,105.8,8.5,0.3,98.1,31,60,64,56
Craig Brackins,Pre,202342,20102012,6,11,29,25,43.1,90.5,-2.8,-0.5,91.8,30,18,24,18
Elliot Williams,Pre,202343,20112016,18,40,98,94,48.0,99.5,-0.5,0.0,96.1,45,80,81,77
Trevor Booker,Pre,202344,20102018,40,93,201,192,47.8,98.6,-2.8,-0.1,91.4,15,53,53,44
Dominique Jones,Pre,202346,20102013,16,42,117,86,36.8,76.9,-25.8,-1.6,75.1,52,25,24,23
Quincy Pondexter,Pre,202347,20102018,32,92,204,208,51.0,106.1,12.1,0.4,99.6,44,69,68,57
Jordan Crawford,Pre,202348,20102018,29,111,294,251,42.7,89.1,-30.6,-1.1,94.0,69,39,34,49
Greivis Vasquez,Pre,202349,20102017,33,71,211,163,38.6,80.3,-40.3,-1.2,79.9,38,20,22,21
Daniel Orton,Pre,202350,20112014,6,13,27,26,48.2,101.7,0.4,0.1,92.7,26,32,36,29
Tibor Pleiss,Pre,202353,20152016,4,4,12,8,33.3,69.6,-3.5,-0.9,64.6,0,6,23,5
Nemanja Bjelica,Pre,202357,20152018,20,60,136,150,55.2,112.2,16.2,0.8,108.9,39,63,57,59
Darington Hobson,Pre,202359,20112012,2,3,6,6,50.0,108.1,0.4,0.2,79.1,100,100,100,100
Landry Fields,Pre,202361,20102015,25,65,143,141,49.3,103.3,4.8,0.2,93.6,27,66,63,52
Lance Stephenson,Pre,202362,20102018,47,119,303,252,41.6,85.2,-43.2,-0.9,86.8,46,33,32,37
Jarvis Varnado,Pre,202363,20122014,5,5,15,10,33.3,70.3,-4.2,-0.8,63.0,0,4,27,3
Jerome Jordan,Pre,202366,20112015,10,30,46,60,65.2,135.0,15.6,1.6,113.1,8,96,86,73
Willie Warren,Pre,202378,20102011,1,0,2,0,0.0,0.0,-1.9,-1.9,0.0,0,0,6,0
Jeremy Evans,Pre,202379,20102018,29,60,118,123,52.1,109.0,10.3,0.4,95.1,15,57,54,49
Hamady Ndiaye,Pre,202380,20102014,5,3,8,6,37.5,78.9,-1.6,-0.3,72.1,0,38,37,37
Derrick Caracter,Pre,202382,20102011,5,7,19,14,36.8,76.6,-4.3,-0.9,86.4,2,8,24,20
Ryan Reid,Pre,202385,20112012,1,1,1,2,100.0,216.1,1.1,1.1,158.2,100,100,100,100
Timofey Mozgov,Pre,202389,20102018,46,131,253,266,52.6,108.5,21.1,0.5,106.0,24,65,64,61
Gary Neal,Pre,202390,20102017,33,124,297,283,47.6,99.1,-2.9,-0.1,109.3,69,47,45,64
Jeremy Lin,Pre,202391,20102018,41,146,299,329,55.0,113.0,37.9,0.9,109.9,59,87,88,83
Sherron Collins,Pre,202395,20102011,7,9,37,21,28.4,59.0,-14.6,-2.1,64.8,18,2,5,3
Ish Smith,Pre,202397,20102018,40,107,268,231,43.1,87.2,-32.8,-0.8,93.3,37,41,43,55
Manny Harris,Pre,202412,20102017,10,23,47,52,55.3,115.6,7.0,0.7,111.0,9,80,70,73
Justin Dentmon,Pre,202458,20112013,1,0,1,0,0.0,0.0,-0.9,-0.9,0.0,100,100,100,100
Lance Thomas,Pre,202498,20112018,42,65,179,138,38.6,78.6,-37.0,-0.9,82.5,14,9,15,15
Arinze Onuaku,Pre,202620,20132017,11,17,30,34,56.7,116.6,4.9,0.4,114.9,0,69,63,64
Kyrie Irving,Pre,202681,20112018,29,156,364,350,48.1,99.3,-1.7,-0.1,102.2,91,73,76,79
Derrick Williams,Pre,202682,20112018,35,128,283,289,51.1,106.1,16.4,0.5,104.2,61,53,54,51
Enes Kanter,Pre,202683,20112018,42,223,419,450,53.7,110.5,42.6,1.0,104.4,85,64,64,53
Tristan Thompson,Pre,202684,20112018,31,115,212,230,54.3,112.3,25.4,0.8,111.4,31,75,74,71
Jonas Valanciunas,Pre,202685,20122018,42,149,272,299,55.0,112.6,33.3,0.8,112.3,33,70,67,73
Jan Vesely,Pre,202686,20112014,15,28,61,56,45.9,96.3,-2.1,-0.1,87.2,7,44,51,30
Bismack Biyombo,Pre,202687,20112018,41,78,180,156,43.3,89.0,-18.9,-0.5,83.5,7,28,33,24
Brandon Knight,Pre,202688,20112017,30,101,260,233,44.8,93.2,-16.9,-0.6,91.5,63,45,43,42
Kemba Walker,Pre,202689,20112018,46,197,501,447,44.6,91.8,-39.0,-0.8,96.1,80,47,46,51
Jimmer Fredette,Pre,202690,20112016,22,84,188,206,54.8,113.7,24.2,1.1,117.3,37,76,74,75
Klay Thompson,Pre,202691,20112018,45,277,587,666,56.7,116.6,96.1,2.1,121.0,91,89,97,93
Alec Burks,Pre,202692,20112018,40,155,351,341,48.6,99.9,1.1,0.0,100.2,64,57,55,57
Markieff Morris,Pre,202693,20112018,38,155,350,339,48.4,100.4,1.1,0.0,106.1,73,55,57,66
Marcus Morris,Pre,202694,20112018,33,119,264,278,52.7,108.6,22.1,0.7,113.2,59,63,65,72
Kawhi Leonard,Pre,202695,20112018,28,109,264,243,46.0,95.3,-12.0,-0.4,98.6,85,61,62,73
Nikola Vucevic,Pre,202696,20112018,45,221,467,450,48.2,98.9,-5.5,-0.1,105.8,83,49,51,61
Iman Shumpert,Pre,202697,20112018,22,64,160,150,46.9,97.1,-4.9,-0.2,100.2,31,22,26,26
Tobias Harris,Pre,202699,20112018,41,201,408,446,54.7,112.0,47.7,1.2,111.1,83,74,80,78
Donatas Motiejunas,Pre,202700,20122017,21,69,160,147,45.9,95.7,-6.9,-0.3,100.1,50,42,42,50
Nolan Smith,Pre,202701,20112013,8,12,46,27,29.4,61.7,-16.7,-2.1,64.0,47,17,20,20
Kenneth Faried,Pre,202702,20112018,37,142,281,284,50.5,104.2,11.4,0.3,96.6,44,55,51,41
Nikola Mirotic,Pre,202703,20142018,31,99,246,243,49.4,100.4,0.8,0.0,98.8,39,52,53,46
Reggie Jackson,Pre,202704,20112018,28,114,274,255,46.5,96.5,-9.8,-0.3,94.3,87,31,24,27
Jordan Hamilton,Pre,202706,20112016,20,53,127,122,48.0,99.8,0.3,0.0,96.4,43,48,48,42
Norris Cole,Pre,202708,20112017,28,83,191,195,51.1,106.8,12.4,0.4,105.2,40,69,65,66
Cory Joseph,Pre,202709,20112018,37,106,227,224,49.3,101.6,3.6,0.1,105.1,41,59,62,64
Jimmy Butler,Pre,202710,20112018,35,116,279,241,43.2,89.2,-29.0,-0.8,86.2,55,32,30,29
Bojan Bogdanovic,Pre,202711,20142018,21,59,156,144,46.2,93.7,-9.6,-0.5,91.1,45,37,37,36
Justin Harper,Pre,202712,20112017,13,36,81,85,52.5,110.0,7.7,0.6,120.8,35,64,66,76
Kyle Singler,Pre,202713,20122018,31,87,200,215,53.8,111.3,21.7,0.7,107.7,35,69,68,63
Shelvin Mack,Pre,202714,20112018,43,95,223,214,48.0,98.5,-2.8,-0.1,99.7,24,49,49,50
Tyler Honeycutt,Pre,202715,20112013,2,3,9,7,38.9,83.3,-1.5,-0.7,80.0,56,44,46,46
Trey Thompkins,Pre,202717,20112012,2,6,12,15,62.5,135.1,3.9,1.9,139.4,100,100,100,100
Chandler Parsons,Pre,202718,20112018,29,110,234,251,53.6,110.8,24.4,0.8,102.5,52,59,69,48
Jon Leuer,Pre,202720,20112018,40,130,261,273,52.3,108.2,20.3,0.5,111.3,37,62,59,64
Darius Morris,Pre,202721,20112015,17,22,68,51,37.5,79.2,-13.7,-0.8,81.2,0,54,53,41
Davis Bertans,Pre,202722,20162018,16,29,77,75,48.7,97.6,-2.0,-0.1,98.5,11,48,51,53
Malcolm Lee,Pre,202723,20112015,7,14,30,30,50.0,105.2,1.4,0.2,95.6,37,50,52,45
Charles Jenkins,Pre,202724,20112013,8,12,30,24,40.0,84.2,-4.5,-0.6,103.6,30,24,35,58
Andrew Goudelock,Pre,202726,20112016,7,10,26,24,46.2,97.8,-0.6,-0.1,111.8,14,45,54,74
Josh Selby,Pre,202729,20112013,7,10,34,26,38.2,80.2,-6.3,-0.9,68.4,40,44,48,31
Lavoy Allen,Pre,202730,20112017,33,80,167,162,48.5,100.2,0.6,0.0,111.9,14,51,48,69
DeAndre Liggins,Pre,202732,20112018,14,26,56,56,50.0,102.1,1.0,0.1,93.4,6,27,31,16
E'Twaun Moore,Pre,202734,20112018,39,161,354,367,51.8,107.3,24.9,0.6,112.5,67,71,75,73
Isaiah Thomas,Pre,202738,20112018,33,133,302,306,50.7,105.4,15.8,0.5,104.7,69,60,59,58
Edwin Ubiles,Pre,202775,20112012,1,1,2,2,50.0,108.1,0.1,0.1,79.1,100,100,100,100
Dwight Buycks,Pre,202779,20132018,7,18,49,36,36.7,77.5,-10.4,-1.5,81.0,41,11,10,15
Cory Higgins,Pre,202809,20112013,5,6,18,14,38.9,82.1,-3.1,-0.6,75.8,44,36,46,37
Dennis Horner,Pre,202862,20112012,1,2,3,4,66.7,144.1,1.2,1.2,152.8,100,100,100,100
Chris Wright,Pre,202874,20112014,5,6,14,12,42.9,91.5,-1.2,-0.2,69.9,20,30,47,29
Xavier Silas,Pre,202918,20112018,10,16,53,44,41.5,85.9,-7.6,-0.8,85.7,72,17,12,17
Julyan Stone,Pre,202933,20112018,12,6,25,13,26.0,54.3,-11.2,-0.9,63.7,17,17,30,20
Jeremy Pargo,Pre,202951,20112013,5,13,38,29,38.2,81.8,-6.6,-1.3,81.8,49,58,59,58
Greg Smith,Pre,202962,20112016,18,33,47,66,70.2,146.1,20.9,1.2,117.8,11,84,78,73
Gustavo Ayon,Pre,202970,20112014,6,19,34,38,55.9,117.0,5.5,0.9,106.3,25,84,76,61
Anthony Davis,Pre,203076,20122018,41,264,546,543,49.7,102.5,12.8,0.3,103.8,91,47,46,53
Michael Kidd-Gilchrist,Pre,203077,20122018,37,95,264,191,36.2,74.1,-66.6,-1.8,71.7,65,16,13,15
Bradley Beal,Pre,203078,20122018,39,218,454,496,54.6,112.5,54.8,1.4,112.6,80,72,79,76
Dion Waiters,Pre,203079,20122018,37,159,370,361,48.8,100.3,1.0,0.0,100.2,77,50,52,48
Thomas Robinson,Pre,203080,20122017,32,67,147,134,45.6,94.8,-7.3,-0.2,85.3,15,47,50,31
Damian Lillard,Pre,203081,20122018,39,233,523,543,51.9,106.7,34.4,0.9,106.4,93,56,54,51
Terrence Ross,Pre,203082,20122018,34,111,276,263,47.6,98.2,-4.8,-0.1,98.9,52,40,38,42
Andre Drummond,Pre,203083,20122018,44,270,499,540,54.1,111.2,53.7,1.2,102.9,93,67,76,50
Harrison Barnes,Pre,203084,20122018,34,115,273,261,47.8,98.0,-5.7,-0.2,96.7,53,54,54,52
Austin Rivers,Pre,203085,20122018,38,103,300,224,37.3,77.0,-67.0,-1.8,76.4,58,26,25,22
Meyers Leonard,Pre,203086,20122018,37,108,193,256,66.3,135.7,67.6,1.8,133.8,34,85,82,88
Jeremy Lamb,Pre,203087,20122018,39,149,374,333,44.5,91.2,-31.4,-0.8,93.0,71,35,35,37
John Henson,Pre,203089,20122018,35,119,205,239,58.3,119.8,39.7,1.1,114.3,19,86,82,81
Maurice Harkless,Pre,203090,20122018,30,103,207,228,55.1,113.3,26.8,0.9,100.1,36,73,72,49
Tyler Zeller,Pre,203092,20122018,33,93,187,188,50.3,103.4,5.8,0.2,101.0,25,57,59,56
Terrence Jones,Pre,203093,20122017,28,116,270,246,45.6,94.2,-15.2,-0.5,89.3,72,38,37,29
Andrew Nicholson,Pre,203094,20122017,31,122,249,263,52.8,109.5,22.7,0.7,113.4,56,65,63,72
Evan Fournier,Pre,203095,20122018,42,152,368,355,48.2,98.8,-4.0,-0.1,92.5,67,56,57,47
Jared Sullinger,Pre,203096,20122017,31,128,271,275,50.7,105.3,14.2,0.5,102.7,64,59,58,54
Jared Cunningham,Pre,203099,20122016,24,53,149,121,40.6,84.6,-22.0,-0.9,74.7,30,25,26,14
Miles Plumlee,Pre,203101,20122018,31,69,144,138,47.9,98.9,-1.7,-0.1,98.8,15,35,35,26
Marquis Teague,Pre,203104,20122018,17,26,61,55,45.1,94.3,-3.3,-0.2,95.5,7,49,49,49
Festus Ezeli,Pre,203105,20122016,16,36,58,72,62.1,129.4,16.4,1.0,124.5,1,68,68,67
Jeffery Taylor,Pre,203106,20122015,15,35,88,77,43.8,92.2,-6.6,-0.4,84.3,35,38,43,28
Tomas Satoransky,Pre,203107,20162018,16,42,85,88,51.8,103.6,3.1,0.2,103.6,20,52,51,51
Bernard James,Pre,203108,20122015,14,21,46,42,45.7,95.1,-2.1,-0.2,82.5,0,45,47,25
Jae Crowder,Pre,203109,20122018,44,129,285,303,53.2,109.2,25.8,0.6,107.9,18,67,64,61
Draymond Green,Pre,203110,20122018,37,74,210,175,41.7,85.8,-29.1,-0.8,79.4,28,30,33,26
Quincy Acy,Pre,203112,20122018,22,48,107,110,51.4,104.8,5.0,0.2,97.4,13,54,51,47
Khris Middleton,Pre,203114,20122018,29,113,248,262,52.8,108.2,20.0,0.7,114.4,73,72,75,78
Will Barton,Pre,203115,20122018,40,144,335,322,48.1,98.0,-6.8,-0.2,95.2,64,49,48,40
Tyshawn Taylor,Pre,203116,20122014,7,25,55,52,47.3,99.4,-0.3,0.0,104.4,53,46,47,54
Mike Scott,Pre,203118,20122018,39,139,283,301,53.2,109.7,25.6,0.7,115.4,47,64,64,71
Kim English,Pre,203119,20122013,6,8,26,19,36.5,76.5,-5.8,-1.0,73.3,6,10,20,8
Justin Hamilton,Pre,203120,20132017,12,31,68,73,53.7,109.3,6.0,0.5,117.0,37,86,83,92
Darius Miller,Pre,203121,20122018,21,50,103,131,63.6,129.3,29.6,1.4,126.4,4,58,59,59
Kostas Papanikolaou,Pre,203123,20142016,8,22,66,51,38.6,79.0,-13.5,-1.7,78.0,58,11,10,9
Kyle O'Quinn,Pre,203124,20122018,39,111,234,227,48.5,99.9,-0.5,0.0,98.1,36,61,61,59
Tornike Shengelia,Pre,203129,20122014,3,6,16,13,40.6,85.0,-2.3,-0.8,66.2,15,19,26,6
Ognjen Kuzmic,Pre,203136,20132015,10,18,30,36,60.0,123.4,6.9,0.7,123.5,0,76,69,83
Hollis Thompson,Pre,203138,20132017,26,67,159,162,50.9,105.3,8.3,0.3,107.3,38,69,70,74
Viacheslav Kravtsov,Pre,203139,20122014,6,11,14,22,78.6,165.2,8.7,1.4,139.0,0,97,80,71
Mirza Teletovic,Pre,203141,20122018,33,104,298,278,46.6,96.1,-10.4,-0.3,94.2,67,37,36,32
Alexey Shved,Pre,203144,20122015,21,49,134,117,43.7,90.9,-11.8,-0.6,84.0,30,32,33,21
Kent Bazemore,Pre,203145,20122018,35,86,198,199,50.3,102.3,4.9,0.1,101.6,30,66,65,65
Chris Smith,Pre,203147,20132014,3,1,7,2,14.3,30.2,-4.6,-1.5,24.0,0,0,9,0
Brian Roberts,Pre,203148,20122017,32,105,250,241,48.2,100.4,0.8,0.0,111.4,54,49,48,65
Ben Hansbrough,Pre,203162,20122013,3,6,13,15,57.7,120.7,2.6,0.9,125.1,6,87,73,92
Justin Holiday,Pre,203200,20122018,39,102,255,250,49.0,98.7,-2.6,-0.1,97.3,31,53,57,49
Chris Wright,Pre,203203,20122013,2,0,4,0,0.0,0.0,-3.8,-1.9,0.0,0,0,7,0
JaMychal Green,Pre,203210,20142018,24,70,126,152,60.3,122.2,27.8,1.2,116.4,19,87,81,80
Glen Rice,Pre,203318,20132015,11,29,76,63,41.5,85.9,-10.3,-0.9,92.5,40,23,24,34
Aron Baynes,Pre,203382,20122018,29,76,146,153,52.4,107.9,11.0,0.4,108.3,6,61,55,57
Nerlens Noel,Pre,203457,20142018,19,55,121,110,45.5,92.6,-8.5,-0.4,85.4,43,37,31,24
Alex Len,Pre,203458,20132018,25,87,170,181,53.2,107.7,13.5,0.5,99.7,50,50,50,38
Allen Crabbe,Pre,203459,20132018,26,85,185,202,54.6,112.3,22.1,0.8,114.9,45,72,75,78
Andre Roberson,Pre,203460,20132018,26,39,105,81,38.6,78.9,-21.5,-0.8,64.6,4,19,29,5
Anthony Bennett,Pre,203461,20132017,25,68,182,154,42.3,87.7,-21.6,-0.9,84.4,45,28,28,24
Ben McLemore,Pre,203463,20132018,32,95,243,221,45.5,93.7,-15.2,-0.5,94.3,52,28,27,29
CJ McCollum,Pre,203468,20132018,30,156,392,364,46.4,94.5,-21.5,-0.7,98.1,85,36,29,43
Cody Zeller,Pre,203469,20132018,33,105,199,216,54.3,111.2,22.1,0.7,107.8,9,74,67,73
Dennis Schroder,Pre,203471,20132018,30,116,293,255,43.5,88.5,-33.2,-1.1,87.7,61,32,27,29
Dewayne Dedmon,Pre,203473,20132018,27,52,119,105,44.1,89.8,-11.6,-0.4,82.2,5,32,39,24
Erick Green,Pre,203475,20142016,12,31,83,69,41.6,85.7,-11.5,-1.0,91.9,39,22,23,33
Gorgui Dieng,Pre,203476,20132018,32,111,218,225,51.6,105.5,11.4,0.4,106.3,41,74,74,71
Isaiah Canaan,Pre,203477,20132018,29,76,179,192,53.6,109.6,17.4,0.6,103.0,47,70,69,59
Jamaal Franklin,Pre,203479,20132015,7,12,31,29,46.8,98.7,-0.4,-0.1,105.7,5,45,46,60
James Southerland,Pre,203480,20132014,2,1,3,3,50.0,105.5,0.2,0.1,105.1,0,55,50,59
Jeff Withey,Pre,203481,20132018,18,36,74,75,50.7,103.6,2.4,0.1,96.0,3,46,50,43
Kelly Olynyk,Pre,203482,20132018,33,104,246,237,48.2,98.7,-3.9,-0.1,97.9,35,43,44,47
Kentavious Caldwell-Pope,Pre,203484,20132018,35,123,318,293,46.1,94.3,-17.8,-0.5,91.7,63,50,48,46
Lorenzo Brown,Pre,203485,20132018,19,31,101,66,32.7,66.7,-33.2,-1.7,67.5,13,13,19,10
Mason Plumlee,Pre,203486,20132018,36,123,206,246,59.7,121.4,43.6,1.2,108.5,26,85,81,70
Michael Carter-Williams,Pre,203487,20132018,18,57,149,125,42.0,87.0,-18.6,-1.0,79.1,45,28,28,18
Mike Muscala,Pre,203488,20132018,27,55,125,122,48.8,99.0,-1.4,-0.1,100.9,6,55,56,53
Nate Wolters,Pre,203489,20132018,14,26,54,55,50.9,104.3,2.4,0.2,108.0,6,53,58,60
Otto Porter Jr.,Pre,203490,20132018,30,120,227,267,58.8,119.8,43.9,1.5,120.4,51,76,78,78
Peyton Siva,Pre,203491,20132014,5,9,26,21,40.4,85.2,-3.6,-0.7,89.0,14,19,30,27
Reggie Bullock,Pre,203493,20132018,22,60,136,151,55.5,113.2,17.1,0.8,107.7,22,69,73,70
Ricky Ledo,Pre,203495,20132015,12,23,74,54,36.5,75.2,-17.7,-1.5,78.3,30,8,12,13
Robert Covington,Pre,203496,20132018,27,68,201,177,44.0,89.8,-19.9,-0.7,86.2,55,34,35,29
Rudy Gobert,Pre,203497,20132018,33,120,180,240,66.7,135.2,62.8,1.9,114.5,20,91,85,67
Shabazz Muhammad,Pre,203498,20132018,25,85,204,183,44.9,91.6,-16.8,-0.7,91.9,72,35,33,33
Shane Larkin,Pre,203499,20132018,16,38,95,85,44.7,91.6,-7.9,-0.5,93.7,25,32,35,36
Steven Adams,Pre,203500,20132018,30,135,216,270,62.5,127.8,58.3,1.9,117.9,42,94,94,90
Tim Hardaway Jr.,Pre,203501,20132018,37,148,382,362,47.4,96.5,-12.6,-0.3,95.7,67,41,44,38
Tony Mitchell,Pre,203502,20132014,5,11,15,22,73.3,154.8,7.8,1.6,128.3,0,100,88,93
Tony Snell,Pre,203503,20132018,34,78,221,191,43.2,88.5,-24.2,-0.7,86.7,42,34,32,33
Trey Burke,Pre,203504,20132018,27,121,279,277,49.6,101.9,5.0,0.2,109.6,86,68,76,77
Vander Blue,Pre,203505,20132018,10,16,36,36,50.0,103.4,1.1,0.1,93.8,6,51,52,35
Victor Oladipo,Pre,203506,20132018,28,133,304,302,49.7,101.9,6.0,0.2,100.2,75,55,54,50
Giannis Antetokounmpo,Pre,203507,20132018,28,119,243,249,51.2,104.1,10.4,0.4,97.2,66,49,53,40
Sergey Karasev,Pre,203508,20132016,12,24,68,59,43.4,90.4,-6.3,-0.5,90.0,21,33,35,30
Lucas Nogueira,Pre,203512,20142018,10,16,27,34,63.0,126.8,7.1,0.7,114.3,0,83,69,72
James Ennis III,Pre,203516,20142018,27,90,175,208,59.4,120.2,35.4,1.3,108.5,27,73,72,58
Alex Abrines,Pre,203518,20162018,9,24,46,64,69.6,140.0,18.3,2.0,143.5,17,96,89,95
Matthew Dellavedova,Pre,203521,20132018,26,59,152,141,46.4,95.7,-6.2,-0.2,100.0,29,63,64,70
Solomon Hill,Pre,203524,20132018,29,36,115,83,36.1,73.9,-29.0,-1.0,69.0,10,18,27,13
Raul Neto,Pre,203526,20152018,14,23,66,53,40.2,82.3,-11.4,-0.8,81.5,7,22,27,20
Ryan Kelly,Pre,203527,20132017,16,33,75,75,50.0,103.4,2.5,0.2,104.2,8,56,55,58
Joffrey Lauvergne,Pre,203530,20142018,16,68,117,141,60.3,122.9,26.3,1.6,118.7,41,84,84,76
Gal Mekel,Pre,203539,20132015,16,41,98,89,45.4,94.1,-5.3,-0.3,101.0,27,42,40,51
Gigi Datome,Pre,203540,20132015,3,5,9,10,55.6,113.6,1.2,0.4,151.4,0,79,64,100
Vitor Faverani,Pre,203543,20132014,8,23,45,49,54.4,114.9,6.4,0.8,110.0,22,79,70,70
Pero Antic,Pre,203544,20132015,10,14,53,36,34.0,70.7,-14.9,-1.5,65.6,18,6,12,3
Miroslav Raduljica,Pre,203545,20132015,3,3,10,6,30.0,63.3,-3.5,-1.2,74.0,0,2,18,9
Ian Clark,Pre,203546,20132018,35,84,202,195,48.3,98.6,-3.1,-0.1,100.5,21,54,55,59
Elias Harris,Pre,203548,20132014,6,7,14,15,53.6,113.1,1.7,0.3,99.0,0,75,54,44
Brandon Davies,Pre,203561,20132015,12,26,57,58,50.9,104.9,2.6,0.2,107.1,14,54,51,56
Patrick Christopher,Pre,203565,20142015,7,14,31,33,53.2,108.9,2.7,0.4,105.1,5,70,63,62
Larry Drew II,Pre,203580,20142018,2,0,5,0,0.0,0.0,-5.0,-2.5,0.0,0,0,7,0
Troy Daniels,Pre,203584,20132018,24,58,164,157,47.9,96.7,-5.3,-0.2,96.4,33,53,53,53
Jonathon Simmons,Pre,203613,20152018,20,55,151,116,38.4,76.6,-34.9,-1.7,75.6,43,20,17,17
Thanasis Antetokounmpo,Pre,203648,20152016,1,0,1,0,0.0,0.0,-1.0,-1.0,0.0,0,0,20,0
PJ Hairston,Pre,203798,20142016,13,35,95,92,48.4,99.6,-0.3,0.0,96.7,47,50,52,44
Will Cherry,Pre,203805,20142015,5,6,20,13,32.5,66.5,-6.6,-1.3,65.1,2,3,17,3
Russ Smith,Pre,203893,20142016,10,23,61,49,40.2,83.1,-9.9,-1.0,80.5,32,24,20,20
Shabazz Napier,Pre,203894,20142018,20,62,144,151,52.4,107.8,10.7,0.5,108.6,45,57,56,63
Jordan McRae,Pre,203895,20152017,15,51,134,109,40.7,83.1,-21.7,-1.4,90.2,74,13,5,26
Zach LaVine,Pre,203897,20142018,24,100,235,221,47.0,95.4,-9.9,-0.4,91.6,60,39,44,34
Tyler Ennis,Pre,203898,20142018,15,27,67,56,41.8,83.8,-10.8,-0.7,85.3,12,20,28,23
Markel Brown,Pre,203900,20142018,7,10,28,22,39.3,79.7,-5.6,-0.8,73.5,3,18,28,11
Elfrid Payton,Pre,203901,20142018,26,77,189,163,43.1,87.2,-23.9,-0.9,83.2,36,22,24,20
Jordan Clarkson,Pre,203903,20142018,29,124,279,278,49.8,101.3,3.7,0.1,103.5,72,50,53,50
Devyn Marble,Pre,203906,20142016,13,34,82,80,48.8,101.0,0.8,0.1,103.7,31,49,46,57
CJ Wilcox,Pre,203912,20142017,16,18,51,46,45.1,92.2,-3.9,-0.2,90.4,2,38,45,35
Gary Harris,Pre,203914,20142018,21,75,167,174,52.1,105.8,9.7,0.5,101.1,51,57,62,50
Spencer Dinwiddie,Pre,203915,20142018,20,56,123,122,49.6,100.2,0.3,0.0,108.5,12,55,57,68
Nik Stauskas,Pre,203917,20142018,20,46,133,112,42.1,84.8,-20.3,-1.0,85.2,28,35,36,37
Rodney Hood,Pre,203918,20142018,23,83,188,194,51.6,105.0,9.6,0.4,108.4,52,59,60,68
Jordan Adams,Pre,203919,20142016,8,21,54,44,40.7,83.6,-8.6,-1.1,87.9,36,19,23,25
Cleanthony Early,Pre,203921,20142016,13,26,60,61,50.8,105.3,3.0,0.2,186.0,12,60,60,75
Glenn Robinson III,Pre,203922,20142018,22,73,141,167,59.2,120.8,28.5,1.3,114.1,30,93,90,86
James Young,Pre,203923,20142018,15,28,80,71,44.4,91.1,-6.9,-0.5,88.4,17,35,36,33
Jerami Grant,Pre,203924,20142018,21,67,175,144,41.1,83.6,-28.5,-1.4,78.2,56,26,26,22
Joe Harris,Pre,203925,20142018,26,80,184,201,54.6,110.6,19.8,0.8,106.0,32,55,53,48
Doug McDermott,Pre,203926,20142018,31,106,267,260,48.7,99.3,-1.6,-0.1,97.7,68,50,51,47
Sean Kilpatrick,Pre,203930,20142018,13,44,111,102,46.0,93.7,-6.8,-0.5,95.1,61,36,37,41
Aaron Gordon,Pre,203932,20142018,23,112,247,247,50.0,100.3,1.2,0.1,94.6,73,53,56,42
TJ Warren,Pre,203933,20142018,24,108,215,222,51.6,105.3,11.4,0.5,104.3,65,48,44,43
Lamar Patterson,Pre,203934,20152017,9,17,41,42,51.2,106.1,2.4,0.3,104.9,8,61,58,59
Marcus Smart,Pre,203935,20142018,26,77,183,182,49.7,100.9,1.9,0.1,99.4,41,45,44,43
Kyle Anderson,Pre,203937,20142018,23,67,135,143,53.0,107.5,10.3,0.4,112.2,24,58,59,72
Dwight Powell,Pre,203939,20142018,22,57,128,122,47.7,95.9,-4.8,-0.2,94.9,23,54,50,55
Adreian Payne,Pre,203940,20142018,13,22,55,46,41.8,85.7,-7.5,-0.6,87.8,5,30,32,34
Noah Vonleh,Pre,203943,20142018,19,53,104,111,53.4,108.9,9.3,0.5,103.2,19,54,54,49
Julius Randle,Pre,203944,20142018,34,158,317,321,50.6,102.7,8.6,0.3,101.7,69,49,51,50
Alex Kirk,Pre,203945,20142015,5,8,23,16,34.8,71.1,-6.5,-1.3,68.3,6,5,17,4
Cameron Bairstow,Pre,203946,20142016,5,9,25,19,38.0,79.4,-5.0,-1.0,76.3,22,16,20,14
Johnny O'Bryant III,Pre,203948,20142018,17,37,87,77,44.3,89.7,-8.9,-0.5,93.8,11,38,40,46
James Michael McAdoo,Pre,203949,20142018,18,31,58,63,54.3,111.7,6.4,0.4,97.4,4,63,64,48
Jarnell Stokes,Pre,203950,20142017,23,52,106,105,49.5,101.2,1.3,0.1,94.5,7,55,52,41
Andrew Wiggins,Pre,203952,20142018,22,92,232,203,43.8,89.0,-25.1,-1.1,91.7,86,33,28,36
Jabari Parker,Pre,203953,20142018,18,101,236,212,44.9,91.1,-21.0,-1.2,86.9,98,44,40,31
Joel Embiid,Pre,203954,20162018,13,66,139,135,48.6,97.4,-3.6,-0.3,96.4,56,28,26,27
Bryce Cotton,Pre,203955,20142016,8,27,74,61,41.2,83.3,-11.9,-1.5,86.3,29,26,26,23
Mitch McGary,Pre,203956,20142016,5,19,37,40,54.1,112.1,4.3,0.9,106.8,38,71,69,62
Dante Exum,Pre,203957,20142018,20,44,110,104,47.3,95.5,-4.8,-0.2,90.3,21,37,38,28
JaKarr Sampson,Pre,203960,20142018,20,34,84,72,42.9,87.3,-10.4,-0.5,81.1,6,23,32,16
Eric Moreland,Pre,203961,20142018,9,19,33,38,57.6,116.9,5.3,0.6,97.4,1,52,55,43
Josh Huestis,Pre,203962,20152018,11,23,64,57,44.5,89.2,-6.7,-0.6,80.6,24,40,40,23
Shayne Whittington,Pre,203963,20142016,8,15,26,31,59.6,123.3,5.9,0.7,125.8,1,72,69,73
Dario Saric,Pre,203967,20162018,12,48,106,108,50.9,101.9,2.1,0.2,105.5,65,65,70,75
Jerrelle Benimon,Pre,203968,20142015,4,5,9,10,55.6,113.6,1.2,0.3,102.3,0,79,60,55
Clint Capela,Pre,203991,20142018,19,80,140,160,57.1,115.5,21.3,1.1,99.9,45,86,85,55
Bogdan Bogdanovic,Pre,203992,20172018,4,10,24,24,50.0,98.6,-0.4,-0.1,98.0,13,43,47,43
Jusuf Nurkic,Pre,203994,20142018,25,93,204,190,46.6,93.5,-13.2,-0.5,91.3,50,25,23,24
Damien Inglis,Pre,203996,20152016,3,8,17,17,50.0,104.4,0.7,0.2,98.6,22,57,57,45
Bruno Caboclo,Pre,203998,20142018,23,27,91,65,35.7,72.5,-24.8,-1.1,68.0,1,18,25,13
Nikola Jokic,Pre,203999,20152018,23,99,182,211,58.0,117.6,31.0,1.3,113.5,55,68,69,66
Kristaps Porzingis,Pre,204001,20152018,12,52,116,115,49.6,100.9,1.0,0.1,101.2,76,50,52,52
Tyler Johnson,Pre,204020,20142018,26,101,208,227,54.6,110.4,21.0,0.8,114.1,41,86,84,89
Sim Bhullar,Pre,204021,20142015,1,1,1,2,100.0,204.5,1.0,1.0,164.5,0,100,80,100
Jack Cooley,Pre,204022,20142018,4,5,13,10,38.5,79.7,-2.6,-0.7,64.1,3,20,32,6
Tim Frazier,Pre,204025,20142018,17,35,74,84,56.8,114.9,10.8,0.6,115.4,11,68,63,70
Tarik Black,Pre,204028,20142018,19,45,77,90,58.4,119.7,14.7,0.8,103.5,4,77,70,54
David Wear,Pre,204033,20142015,2,3,7,7,50.0,99.7,0.0,0.0,122.5,0,0,23,0
Travis Wear,Pre,204037,20142018,13,21,43,48,55.8,112.5,5.4,0.4,126.9,1,29,41,70
Langston Galloway,Pre,204038,20142018,25,68,179,175,48.9,99.0,-2.5,-0.1,101.9,39,41,39,45
Zoran Dragic,Pre,204054,20142015,2,1,5,3,30.0,61.3,-1.9,-0.9,60.8,0,1,24,2
Joe Ingles,Pre,204060,20142018,24,51,119,131,55.0,111.7,13.4,0.6,103.5,7,64,64,56
Akil Mitchell,Pre,204064,20172018,1,0,1,0,0.0,0.0,-1.0,-1.0,0.0,0,0,22,0
David Stockton,Pre,204065,20142018,4,10,20,23,57.5,113.9,3.1,0.8,107.4,10,65,65,64
Drew Gordon,Pre,204079,20142015,6,20,31,40,64.5,131.9,9.7,1.6,139.0,12,96,89,99
Xavier Munford,Pre,204098,20152018,1,3,4,7,87.5,177.4,3.1,3.1,183.4,1,100,98,100
T.J. McConnell,Pre,204456,20152018,21,57,115,118,51.3,103.9,4.4,0.2,113.8,21,50,52,68
Jahlil Okafor,Pre,1626143,20152018,12,45,93,90,48.4,98.3,-1.0,-0.1,97.8,44,40,31,41
Emmanuel Mudiay,Pre,1626144,20152018,18,57,169,126,37.3,76.1,-39.8,-2.2,77.4,67,20,14,29
Tyus Jones,Pre,1626145,20152018,16,40,97,89,45.9,92.9,-6.9,-0.4,99.1,12,65,59,61
Justin Anderson,Pre,1626147,20152018,19,56,146,129,44.2,90.1,-13.9,-0.7,86.0,49,33,32,29
Anthony Brown,Pre,1626148,20152018,13,16,37,41,55.4,114.3,5.0,0.4,116.1,0,82,67,84
Montrezl Harrell,Pre,1626149,20152018,23,67,119,135,56.7,114.8,17.4,0.8,101.1,12,54,53,43
Andrew Harrison,Pre,1626150,20162018,16,29,84,69,41.1,82.2,-15.2,-0.9,77.4,19,24,26,19
Aaron Harrison,Pre,1626151,20152018,10,12,36,30,41.7,86.2,-4.9,-0.5,86.5,0,33,38,33
Delon Wright,Pre,1626153,20152018,16,35,76,78,51.3,103.1,2.4,0.2,91.7,3,58,55,28
RJ Hunter,Pre,1626154,20152018,16,28,77,69,44.8,91.9,-6.0,-0.4,90.7,15,40,42,39
Sam Dekker,Pre,1626155,20152018,20,52,127,118,46.5,94.6,-6.6,-0.3,82.4,35,44,47,23
D'Angelo Russell,Pre,1626156,20152018,22,123,294,286,48.6,98.0,-5.9,-0.3,106.6,82,49,52,62
Karl-Anthony Towns,Pre,1626157,20152018,21,106,222,230,51.8,104.9,10.6,0.5,107.6,76,59,61,58
Richaun Holmes,Pre,1626158,20152018,20,51,105,107,51.0,103.4,3.7,0.2,99.6,25,54,56,55
Justise Winslow,Pre,1626159,20152018,22,54,150,120,40.0,80.7,-28.5,-1.3,77.2,29,22,25,17
Willie Cauley-Stein,Pre,1626161,20152018,24,83,160,167,52.2,104.9,7.5,0.3,102.1,23,48,42,46
Kelly Oubre Jr.,Pre,1626162,20152018,23,84,195,183,46.9,94.4,-10.3,-0.4,87.9,58,51,52,35
Frank Kaminsky,Pre,1626163,20152018,25,73,201,168,41.8,84.8,-30.2,-1.2,85.0,62,27,23,28
Devin Booker,Pre,1626164,20152018,15,76,179,174,48.6,98.4,-2.8,-0.2,99.7,82,44,47,48
Cameron Payne,Pre,1626166,20152018,11,24,66,60,45.5,93.4,-4.6,-0.4,96.6,22,82,75,90
Myles Turner,Pre,1626167,20152018,16,58,135,118,43.7,88.5,-15.3,-1.0,93.4,57,36,38,48
Trey Lyles,Pre,1626168,20152018,20,62,140,144,51.4,104.0,5.7,0.3,105.0,34,47,50,48
Stanley Johnson,Pre,1626169,20152018,21,71,193,165,42.8,87.3,-24.2,-1.2,87.7,60,35,31,35
Jerian Grant,Pre,1626170,20152018,24,57,139,131,47.1,95.0,-6.6,-0.3,94.1,20,30,31,30
Bobby Portis,Pre,1626171,20152018,25,104,233,227,48.7,98.5,-3.4,-0.1,98.4,55,41,42,40
Kevon Looney,Pre,1626172,20152018,13,28,49,56,57.1,114.3,7.0,0.5,98.8,1,63,58,32
Rashad Vaughn,Pre,1626173,20152018,12,43,109,100,45.9,93.4,-7.1,-0.6,92.3,67,45,45,41
Christian Wood,Pre,1626174,20152017,13,43,81,90,55.6,112.8,10.4,0.8,98.7,21,38,41,20
Jordan Mickey,Pre,1626175,20152018,20,51,94,105,55.9,113.5,12.5,0.6,104.1,7,75,66,55
Rakeem Christmas,Pre,1626176,20152017,5,8,12,16,66.7,138.2,4.5,0.9,129.6,0,88,71,76
Dakari Johnson,Pre,1626177,20172018,3,3,9,6,33.3,65.7,-3.1,-1.0,53.4,0,3,22,0
Rondae Hollis-Jefferson,Pre,1626178,20152018,15,43,90,89,49.4,99.3,-0.2,0.0,103.5,29,48,50,47
Terry Rozier,Pre,1626179,20152018,20,77,160,178,55.6,112.6,19.6,1.0,114.0,42,79,79,75
Norman Powell,Pre,1626181,20152018,20,65,153,147,48.0,97.0,-4.3,-0.2,90.3,49,27,28,19
Chasson Randle,Pre,1626184,20162017,6,14,29,35,60.3,121.6,6.2,1.0,119.7,26,81,78,88
Jarell Martin,Pre,1626185,20152018,11,30,63,64,50.8,100.6,0.5,0.0,103.5,29,63,60,70
Chris McCullough,Pre,1626191,20152018,8,17,36,36,50.0,99.7,0.0,0.0,96.2,2,47,50,43
Pat Connaughton,Pre,1626192,20152018,24,46,117,115,49.2,98.9,-0.9,0.0,92.7,6,44,48,41
Willy Hernangomez,Pre,1626195,20162018,15,47,79,98,62.0,124.1,19.0,1.3,110.0,7,73,65,48
Josh Richardson,Pre,1626196,20152018,13,54,125,124,49.6,99.1,-0.6,0.0,101.8,56,36,38,36
Darrun Hilliard,Pre,1626199,20152018,9,17,34,41,60.3,120.8,7.1,0.8,117.7,2,83,73,77
Joe Young,Pre,1626202,20152018,16,41,102,91,44.6,91.0,-8.8,-0.5,98.0,33,32,31,46
Larry Nance Jr.,Pre,1626204,20152018,21,51,102,106,52.0,105.0,4.8,0.2,103.7,13,46,50,46
Mario Hezonja,Pre,1626209,20152018,26,72,192,167,43.5,88.5,-22.2,-0.9,87.4,46,32,34,31
Alan Williams,Pre,1626210,20152018,5,6,17,12,35.3,71.4,-4.8,-1.0,69.4,1,2,16,2
Bryce Dejean-Jones,Pre,1626214,20152016,7,19,38,43,56.6,118.2,6.6,0.9,114.4,18,81,73,72
Royce O'Neale,Pre,1626220,20172018,9,16,33,38,57.6,114.3,4.7,0.5,104.7,0,59,55,54
Cedi Osman,Pre,1626224,20172018,7,13,38,31,40.8,81.0,-7.3,-1.0,83.9,1,2,14,3
Luis Montero,Pre,1626242,20152018,5,5,14,13,46.4,94.6,-0.8,-0.2,94.5,1,39,43,40
Cristiano Felicio,Pre,1626245,20152018,22,35,67,71,53.0,106.8,4.5,0.2,99.3,0,59,54,42
Boban Marjanovic,Pre,1626246,20152018,17,50,72,100,69.4,139.7,28.6,1.7,132.0,1,75,70,68
Duje Dukan,Pre,1626251,20152016,1,1,2,3,75.0,156.6,1.1,1.1,129.8,0,100,76,94
Axel Toupane,Pre,1626253,20152017,2,3,9,6,33.3,67.6,-2.8,-1.4,67.7,21,19,21,19
Salah Mejri,Pre,1626257,20152018,15,20,44,40,45.5,92.2,-3.2,-0.2,80.9,1,20,28,15
Marcelo Huertas,Pre,1626273,20152017,9,20,50,41,41.0,84.1,-7.8,-0.9,99.0,21,21,27,46
Jacob Pullen,Pre,1626643,20172018,5,5,21,13,31.0,61.1,-8.2,-1.6,57.0,0,14,36,15
Jonathan Gibson,Pre,1626780,20162018,7,17,54,39,36.1,73.2,-14.3,-2.0,80.9,56,8,8,16
Malcolm Delaney,Pre,1627098,20162018,11,30,77,65,42.2,84.3,-12.1,-1.1,91.5,35,20,22,31
Alex Stepheson,Pre,1627293,20152016,3,2,13,4,15.4,32.1,-8.5,-2.8,25.8,3,0,1,0
Briante Weber,Pre,1627362,20152018,14,26,67,57,42.5,85.2,-9.8,-0.7,93.0,2,7,19,25
Ben Simmons,Pre,1627732,20172018,9,38,77,76,49.4,97.7,-1.8,-0.2,89.2,65,42,40,28
Dragan Bender,Pre,1627733,20162018,16,25,83,62,37.4,74.5,-21.1,-1.3,70.2,14,32,35,31
Domantas Sabonis,Pre,1627734,20162018,13,53,113,112,49.6,99.1,-1.1,-0.1,99.9,27,60,58,71
Wade Baldwin IV,Pre,1627735,20162018,15,25,72,54,37.5,74.9,-18.1,-1.2,79.4,9,6,14,7
Malik Beasley,Pre,1627736,20162018,17,40,106,96,45.3,90.8,-9.6,-0.6,92.5,19,12,18,11
Marquese Chriss,Pre,1627737,20162018,13,50,110,108,49.1,98.5,-1.7,-0.1,90.3,69,48,47,32
Deyonta Davis,Pre,1627738,20162018,4,5,17,10,29.4,58.3,-7.1,-1.8,63.4,2,2,14,6
Kris Dunn,Pre,1627739,20162018,15,39,109,83,38.1,76.1,-25.7,-1.7,80.5,49,3,4,4
Henry Ellenson,Pre,1627740,20162018,14,37,78,87,55.8,111.1,8.7,0.6,110.6,18,78,72,74
Buddy Hield,Pre,1627741,20162018,18,81,200,189,47.3,94.5,-11.2,-0.6,97.5,85,37,35,44
Brandon Ingram,Pre,1627742,20162018,18,63,154,136,44.2,88.2,-18.3,-1.0,90.1,41,19,19,21
Demetrius Jackson,Pre,1627743,20162018,10,17,33,41,62.1,125.2,8.2,0.8,119.5,1,93,76,91
Brice Johnson,Pre,1627744,20162018,6,10,29,21,36.2,71.6,-8.3,-1.4,79.1,13,6,15,11
Damian Jones,Pre,1627745,20162018,8,21,28,42,75.0,149.4,13.9,1.7,132.3,0,43,48,10
Skal Labissiere,Pre,1627746,20162018,16,48,109,100,45.9,91.0,-9.7,-0.6,104.7,41,34,38,61
Caris LeVert,Pre,1627747,20162018,6,32,72,72,50.0,99.4,-0.4,-0.1,103.5,55,58,57,41
Thon Maker,Pre,1627748,20162018,7,10,27,23,42.6,85.3,-3.9,-0.6,83.1,4,29,41,21
Dejounte Murray,Pre,1627749,20162018,12,35,88,72,40.9,81.4,-16.2,-1.4,90.7,32,21,22,35
Jamal Murray,Pre,1627750,20162018,16,61,156,148,47.4,95.1,-7.3,-0.5,99.2,73,33,26,37
Jakob Poeltl,Pre,1627751,20162018,17,40,63,80,63.5,127.1,17.2,1.0,113.1,3,83,76,67
Taurean Prince,Pre,1627752,20162018,16,55,116,127,54.7,109.4,10.9,0.7,113.5,31,47,48,45
Zhou Qi,Pre,1627753,20172018,5,5,9,12,66.7,131.4,2.9,0.6,122.3,0,95,61,83
Tyler Ulis,Pre,1627755,20162018,14,29,82,63,38.4,76.7,-19.2,-1.4,85.4,34,18,22,37
Denzel Valentine,Pre,1627756,20162018,7,27,55,70,63.6,125.6,14.3,2.0,123.9,43,86,87,84
Ron Baker,Pre,1627758,20162018,12,20,46,48,52.2,104.9,2.2,0.2,107.0,7,44,43,51
Jaylen Brown,Pre,1627759,20162018,15,60,142,130,45.8,91.7,-11.8,-0.8,86.9,65,34,32,20
DeAndre' Bembry,Pre,1627761,20162018,15,41,92,90,48.9,98.0,-1.9,-0.1,90.8,9,23,27,10
Joel Bolomboy,Pre,1627762,20162018,8,19,25,42,84.0,167.4,16.9,2.1,159.4,0,100,90,99
Malcolm Brogdon,Pre,1627763,20162018,14,37,96,88,45.8,91.7,-7.8,-0.6,91.4,27,9,14,10
Cheick Diallo,Pre,1627767,20162018,11,17,43,34,39.5,78.9,-9.0,-0.8,79.1,17,35,45,29
Kay Felder,Pre,1627770,20162018,12,42,100,90,45.0,90.2,-9.8,-0.8,93.0,69,26,22,32
Daniel Hamilton,Pre,1627772,20172018,3,6,22,13,29.6,58.2,-9.3,-3.1,56.1,33,1,2,0
AJ Hammons,Pre,1627773,20162017,6,17,34,34,50.0,101.4,0.5,0.1,110.1,21,52,53,73
Jake Layman,Pre,1627774,20162018,16,43,85,104,61.2,121.7,18.6,1.2,117.3,1,94,81,88
Patrick McCaw,Pre,1627775,20162018,10,29,69,70,50.7,101.9,1.2,0.1,99.1,36,53,51,50
Georges Niang,Pre,1627777,20162018,12,33,61,82,67.2,134.7,21.1,1.8,129.7,19,77,75,67
Chinanu Onuaku,Pre,1627778,20162018,5,9,11,18,81.8,163.7,7.0,1.4,140.9,0,100,93,100
Gary Payton II,Pre,1627780,20162018,13,20,45,43,47.8,95.1,-2.2,-0.2,91.5,2,38,46,44
Malachi Richardson,Pre,1627781,20162018,13,31,76,74,48.7,97.1,-2.4,-0.2,97.8,22,32,27,37
Wayne Selden,Pre,1627782,20162018,12,33,91,82,45.1,90.4,-8.7,-0.7,90.6,49,23,23,23
Pascal Siakam,Pre,1627783,20162018,16,56,111,118,53.2,106.5,7.2,0.4,102.0,21,64,62,50
Isaiah Whitehead,Pre,1627785,20162018,5,6,29,12,20.7,41.6,-16.9,-3.4,49.1,20,0,1,0
Troy Williams,Pre,1627786,20162018,12,44,86,107,62.2,125.0,21.4,1.8,116.2,44,89,90,75
Furkan Korkmaz,Pre,1627788,20172018,9,24,41,61,74.4,147.7,19.7,2.2,138.9,0,96,76,89
Timothe Luwawu-Cabarrot,Pre,1627789,20162018,13,30,72,68,47.2,94.5,-3.9,-0.3,81.8,9,45,47,26
Ante Zizic,Pre,1627790,20172018,8,24,31,48,77.4,153.8,16.8,2.1,140.7,0,90,68,76
Ben Bentil,Pre,1627791,20162017,3,5,14,10,35.7,72.4,-3.8,-1.3,73.3,5,8,19,8
Yogi Ferrell,Pre,1627812,20162018,12,45,98,110,56.1,111.4,11.3,0.9,108.6,37,59,58,49
Alex Poythress,Pre,1627816,20162018,9,24,47,51,54.3,108.0,3.8,0.4,103.2,0,38,45,66
Tim Quarterman,Pre,1627817,20162018,2,2,3,6,100.0,202.8,3.0,1.5,196.0,0,100,85,100
Isaiah Taylor,Pre,1627819,20162018,9,14,30,28,46.7,92.8,-2.1,-0.2,90.6,0,83,77,96
Tyrone Wallace,Pre,1627820,20172018,6,23,46,48,52.2,103.4,1.6,0.3,118.9,55,54,54,78
Juancho Hernangomez,Pre,1627823,20162018,18,45,113,111,49.1,98.1,-1.9,-0.1,93.3,29,41,41,29
Guerschon Yabusele,Pre,1627824,20172018,8,13,34,28,41.2,81.9,-6.3,-0.8,79.1,0,1,11,1
Rade Zagorac,Pre,1627825,20172018,5,8,16,16,50.0,98.6,-0.2,0.0,102.9,0,43,48,52
Ivica Zubac,Pre,1627826,20162018,16,28,54,56,51.9,103.3,1.9,0.1,99.2,0,43,47,51
Dorian Finney-Smith,Pre,1627827,20162018,14,22,55,58,52.7,105.5,3.2,0.2,100.5,1,33,37,26
Fred VanVleet,Pre,1627832,20162018,14,43,88,101,57.4,115.0,13.2,0.9,108.6,25,76,72,63
Georgios Papagiannis,Pre,1627834,20162018,7,22,41,45,54.9,108.6,3.6,0.5,110.4,29,65,69,66
Paul Zipser,Pre,1627835,20162018,11,23,54,54,50.0,99.9,-0.1,0.0,109.0,5,47,49,66
Abdel Nader,Pre,1627846,20172018,4,12,28,27,48.2,95.0,-1.4,-0.4,89.2,27,37,39,25
Shawn Long,Pre,1627848,20162017,7,14,43,29,33.7,68.1,-13.6,-1.9,67.8,18,8,16,7
Marshall Plumlee,Pre,1627850,20162018,6,10,22,20,45.5,91.6,-1.9,-0.3,79.6,1,47,46,28
Mindaugas Kuzminskas,Pre,1627851,20162018,6,22,45,50,55.6,112.3,5.4,0.9,101.2,49,72,72,59
Nicolas Brussino,Pre,1627852,20162018,11,20,41,52,63.4,127.3,11.1,1.0,130.3,1,82,73,81
Bryn Forbes,Pre,1627854,20162018,16,55,116,131,56.5,113.0,14.9,0.9,122.3,27,82,78,91
Okaro White,Pre,1627855,20162018,12,19,43,45,52.3,105.3,2.3,0.2,95.9,6,68,60,50
Mike Tobey,Pre,1627861,20162017,2,6,10,12,60.0,121.7,2.1,1.1,138.0,9,86,78,96
Danuel House,Pre,1627863,20162018,6,8,21,17,40.5,81.3,-3.9,-0.6,82.0,0,3,19,8
Patricio Garino,Pre,1627868,20162017,4,7,17,15,44.1,89.5,-1.8,-0.4,89.2,2,29,39,29
Marcus Georges-Hunt,Pre,1627875,20162018,3,4,6,9,75.0,150.7,3.0,1.0,143.6,0,96,67,97
Nicolas Laprovittola,Pre,1627879,20162017,4,8,21,23,54.8,111.0,2.3,0.6,113.2,15,73,68,77
Jalen Jones,Pre,1627883,20172018,3,7,18,18,50.0,98.8,-0.2,-0.1,87.7,30,43,47,16
Derrick Jones Jr.,Pre,1627884,20162018,7,16,31,34,54.8,109.5,2.9,0.4,104.1,0,75,59,95
Alex Caruso,Pre,1627936,20172018,8,12,29,28,48.3,95.4,-1.3,-0.2,82.9,0,62,58,36
David Nwaba,Pre,1628021,20162018,8,16,29,34,58.6,116.0,4.7,0.6,96.8,0,85,64,43
Alfonzo McKinnie,Pre,1628035,20172018,9,23,54,52,48.2,95.5,-2.4,-0.3,89.2,0,99,86,90
LaDontae Henton,Pre,1628176,20172018,1,1,2,3,75.0,147.8,1.0,1.0,132.1,0,100,72,93
Markelle Fultz,Pre,1628365,20172018,6,23,62,47,37.9,75.3,-15.5,-2.6,78.7,88,1,0,1
Lonzo Ball,Pre,1628366,20172018,4,11,28,26,46.4,92.1,-2.3,-0.6,99.9,30,11,13,27
Josh Jackson,Pre,1628367,20172018,10,51,128,112,43.8,86.7,-17.0,-1.7,87.7,87,49,49,48
De'Aaron Fox,Pre,1628368,20172018,8,38,81,84,51.9,102.9,2.4,0.3,104.8,80,78,84,87
Jayson Tatum,Pre,1628369,20172018,8,27,77,61,39.6,78.6,-16.6,-2.1,78.9,46,20,22,14
Malik Monk,Pre,1628370,20172018,9,42,117,105,44.9,88.9,-13.2,-1.5,98.4,97,25,12,32
Jonathan Isaac,Pre,1628371,20172018,9,24,59,54,45.8,90.5,-5.7,-0.6,91.7,27,17,24,25
Dennis Smith Jr.,Pre,1628372,20172018,10,47,106,111,52.4,103.8,4.0,0.4,109.3,66,43,45,59
Lauri Markkanen,Pre,1628374,20172018,3,12,30,31,51.7,101.9,0.6,0.2,98.9,70,53,54,46
Donovan Mitchell,Pre,1628378,20172018,9,50,118,116,49.2,97.5,-3.0,-0.3,97.1,96,36,25,33
Luke Kennard,Pre,1628379,20172018,10,24,61,55,45.1,89.4,-6.6,-0.7,91.5,20,20,27,33
Zach Collins,Pre,1628380,20172018,11,37,70,82,58.6,116.1,11.4,1.0,110.1,19,78,73,69
John Collins,Pre,1628381,20172018,7,23,47,46,48.9,97.0,-1.5,-0.2,86.7,9,24,33,12
Justin Jackson,Pre,1628382,20172018,11,27,84,64,38.1,75.7,-20.7,-1.9,77.6,32,1,1,1
OG Anunoby,Pre,1628384,20172018,4,13,29,33,56.9,113.0,3.8,0.9,102.6,15,43,47,15
Jarrett Allen,Pre,1628386,20172018,8,31,66,65,49.2,97.8,-1.5,-0.2,90.4,14,24,31,17
Ike Anigbogu,Pre,1628387,20172018,4,6,12,12,50.0,99.2,-0.1,0.0,112.2,0,99,68,100
TJ Leaf,Pre,1628388,20172018,7,31,55,70,63.6,126.2,14.5,2.1,118.6,20,92,86,93
Bam Adebayo,Pre,1628389,20172018,9,30,61,60,49.2,97.6,-1.5,-0.2,90.8,2,7,20,9
Terrance Ferguson,Pre,1628390,20172018,6,13,29,31,53.5,105.8,1.7,0.3,91.5,1,60,56,25
D.J. Wilson,Pre,1628391,20172018,4,9,24,20,41.7,82.1,-4.3,-1.1,88.0,13,13,22,22
Jawun Evans,Pre,1628393,20172018,8,18,46,38,41.3,81.6,-8.6,-1.1,87.3,85,34,29,47
Jordan Bell,Pre,1628395,20172018,9,26,46,52,56.5,112.0,5.6,0.6,101.9,2,99,88,77
Tony Bradley,Pre,1628396,20172018,8,19,31,38,61.3,121.7,6.8,0.8,110.6,0,75,60,74
Ivan Rabb,Pre,1628397,20172018,7,12,24,24,50.0,99.3,-0.2,0.0,89.3,0,63,56,68
Kyle Kuzma,Pre,1628398,20172018,12,69,149,155,52.0,103.1,4.7,0.4,104.0,88,69,79,76
Tyler Lydon,Pre,1628399,20172018,6,3,8,7,43.8,86.5,-1.1,-0.2,77.9,0,12,45,9
Semi Ojeleye,Pre,1628400,20172018,8,12,42,33,39.3,77.7,-9.4,-1.2,70.8,2,62,59,39
Derrick White,Pre,1628401,20172018,8,28,62,60,48.4,95.9,-2.5,-0.3,101.7,30,53,52,65
Caleb Swanigan,Pre,1628403,20172018,11,21,55,45,40.9,81.0,-10.6,-1.0,81.4,2,5,16,4
Josh Hart,Pre,1628404,20172018,8,25,54,57,52.8,104.8,2.6,0.3,109.1,14,74,67,96
Johnathan Motley,Pre,1628405,20172018,8,17,33,34,51.5,102.3,0.7,0.1,98.3,5,6,18,4
Dwayne Bacon,Pre,1628407,20172018,10,30,74,67,45.3,89.6,-7.8,-0.8,93.6,83,33,26,51
PJ Dozier,Pre,1628408,20172018,7,8,25,19,38.0,75.0,-6.3,-0.9,71.7,12,8,17,7
Alec Peters,Pre,1628409,20172018,3,2,6,5,41.7,82.1,-1.1,-0.4,81.3,0,13,39,11
Wes Iwundu,Pre,1628411,20172018,10,16,40,35,43.8,86.8,-5.3,-0.5,89.1,0,6,25,10
Frank Mason,Pre,1628412,20172018,11,41,82,96,58.5,116.1,13.3,1.2,121.5,52,68,69,78
Sindarius Thornwell,Pre,1628414,20172018,7,13,30,31,51.7,102.4,0.8,0.1,103.7,1,100,95,100
Dillon Brooks,Pre,1628415,20172018,10,25,60,57,47.5,94.2,-3.4,-0.3,97.7,2,86,75,92
Tyler Dorsey,Pre,1628416,20172018,10,27,67,64,47.8,95.0,-3.5,-0.3,95.4,2,3,17,4
Thomas Bryant,Pre,1628418,20172018,7,12,23,24,52.2,103.8,0.9,0.1,89.6,0,99,62,79
Monte Morris,Pre,1628420,20172018,8,25,58,55,47.4,94.4,-3.2,-0.4,101.8,0,68,57,24
Damyean Dotson,Pre,1628422,20172018,10,27,53,63,59.4,117.9,9.5,1.0,118.8,14,66,62,64
Kobi Simmons,Pre,1628424,20172018,8,18,37,39,52.7,104.3,1.7,0.2,107.2,2,92,79,93
Sterling Brown,Pre,1628425,20172018,6,11,33,27,40.9,81.1,-6.3,-1.1,80.2,20,3,7,2
Charles Cooke,Pre,1628429,20172018,4,5,14,11,39.3,77.4,-3.2,-0.8,75.7,0,68,59,69
V.J. Beachem,Pre,1628431,20172018,1,1,2,2,50.0,98.6,0.0,0.0,80.1,0,43,48,10
L.J. Peak,Pre,1628433,20172018,1,1,1,2,100.0,197.1,1.0,1.0,160.3,0,100,72,100
Luke Kornet,Pre,1628436,20172018,5,5,15,14,46.7,92.9,-1.1,-0.2,90.4,0,43,48,10
George de Paula,Pre,1628437,20172018,1,1,1,2,100.0,197.1,1.0,1.0,160.3,0,100,72,100
Isaiah Hicks,Pre,1628439,20172018,6,7,16,14,43.8,87.3,-2.1,-0.3,99.6,0,0,26,0
Kadeem Allen,Pre,1628443,20172018,3,1,6,2,16.7,32.9,-4.1,-1.4,26.7,0,43,48,10
Jabari Bird,Pre,1628444,20172018,2,4,7,9,64.3,126.7,1.9,0.9,126.1,0,89,72,89
Melo Trimble,Pre,1628453,20172018,1,1,3,2,33.3,65.7,-1.0,-1.0,53.4,0,3,22,0
Mike Young,Pre,1628454,20172018,1,0,1,0,0.0,0.0,-1.0,-1.0,0.0,0,0,22,0
Mike James,Pre,1628455,20172018,4,13,27,29,53.7,105.9,1.6,0.4,104.2,23,60,58,55
Jeremy Morgan,Pre,1628456,20172018,2,1,3,2,33.3,65.7,-1.0,-0.5,53.4,0,3,35,0
Milos Teodosic,Pre,1628462,20172018,6,10,33,26,39.4,77.7,-7.4,-1.2,85.5,30,43,47,59
Tyler Cavanaugh,Pre,1628463,20172018,6,4,12,11,45.8,90.8,-1.1,-0.2,83.3,0,43,48,10
Daniel Theis,Pre,1628464,20172018,8,12,34,25,36.8,72.8,-9.4,-1.2,66.2,2,6,19,2
Maxi Kleber,Pre,1628467,20172018,9,23,47,59,62.8,124.5,11.6,1.3,124.1,2,62,59,77
Antonio Blakeney,Pre,1628469,20172018,11,33,87,71,40.8,81.1,-16.6,-1.5,88.3,0,14,34,37
Torrey Craig,Pre,1628470,20172018,7,10,28,24,42.9,85.4,-4.1,-0.6,75.1,0,1,26,0
Yakuba Ouattara,Pre,1628473,20172018,1,1,1,2,100.0,197.1,1.0,1.0,160.3,0,100,72,100
Matt Williams Jr.,Pre,1628475,20172018,5,4,13,12,46.2,91.0,-1.2,-0.2,90.0,0,29,42,27
Derrick Walton Jr.,Pre,1628476,20172018,7,9,23,22,47.8,94.6,-1.3,-0.2,97.6,0,20,41,44
Landry Nnoko,Pre,1628477,20172018,1,0,1,0,0.0,0.0,-1.0,-1.0,0.0,0,0,22,0
Derek Willis,Pre,1628491,20172018,1,1,2,3,75.0,147.8,1.0,1.0,117.8,0,100,72,77
Gian Clavell,Pre,1628492,20172018,6,16,37,43,58.1,114.5,5.5,0.9,112.8,15,75,70,71
Mangok Mathiang,Pre,1628493,20172018,3,4,4,8,100.0,197.1,3.9,1.3,160.3,0,100,79,100
T.J. Williams,Pre,1628494,20172018,3,2,6,4,33.3,65.7,-2.1,-0.7,53.4,0,3,30,0
Jeremy Senglin,Pre,1628496,20172018,1,2,2,6,150.0,295.7,4.0,4.0,272.8,0,100,99,100
Antonius Cleveland,Pre,1628499,20172018,3,6,13,12,46.2,91.0,-1.2,-0.4,98.0,0,98,80,98
Ben Moore,Pre,1628500,20172018,2,3,6,6,50.0,99.0,-0.1,0.0,131.8,0,95,68,100
Nigel Hayes,Pre,1628502,20172018,4,2,7,4,28.6,56.3,-3.1,-0.8,61.5,0,1,28,1
Xavier Rathan-Mayes,Pre,1628504,20172018,3,1,9,2,11.1,21.9,-7.1,-2.4,26.1,0,0,6,0
London Perrantes,Pre,1628506,20172018,1,1,1,3,150.0,295.7,2.0,2.0,301.8,0,100,87,100
Andrew White III,Pre,1628510,20172018,1,0,4,0,0.0,0.0,-4.1,-4.1,0.0,0,0,0,0
James Blackmon Jr.,Pre,1628511,20172018,4,5,13,12,46.2,91.0,-1.2,-0.3,75.4,0,29,41,7
Matt Jones,Pre,1628512,20172018,4,4,12,10,41.7,82.1,-2.2,-0.5,70.7,0,13,34,4
Naz Mitrou-Long,Pre,1628513,20172018,7,8,21,21,50.0,99.3,-0.1,0.0,98.7,0,95,68,99
Isaiah Briscoe,Pre,1628515,20172018,9,19,39,40,51.3,101.5,0.6,0.1,93.7,2,38,43,30
Terry Henderson,Pre,1628516,20172018,2,2,8,6,37.5,73.9,-2.1,-1.1,76.5,0,7,22,8
Amile Jefferson,Pre,1628518,20172018,4,4,6,8,66.7,133.0,2.0,0.5,125.3,0,0,26,0
Jordan Mathews,Pre,1628535,20172018,1,1,2,2,50.0,98.6,0.0,0.0,118.3,0,43,48,78
Erik McCree,Pre,1628571,20172018,2,3,8,6,37.5,73.9,-2.1,-1.1,60.1,0,7,22,1
Jaylen Johnson,Pre,1628575,20172018,1,1,2,2,50.0,98.6,0.0,0.0,80.1,0,43,48,10
Amida Brimah,Pre,1628578,20172018,3,1,7,2,14.3,28.2,-5.1,-1.7,22.9,0,43,49,10
Taylor Braun,Pre,1628579,20172018,1,0,1,0,0.0,0.0,-1.0,-1.0,0.0,0,0,22,0
