Name,Season Type,NBA ID,Year(s),Games,FG,FGA,FG Points,EFG%,EFG+,PAA,PAA/Game,PAR,PAR/Game,ShotSkill+,Volume Percentile,EFG Percentile,PAA/Game Percentile,PAR/Game Percentile,ShotSkill Percentile
Atlanta Hawks,Reg,1610612737,199697,82,2812,6307,6283,49.8,101.0,64.3,0.8,526.0,6.4,99.9,26,61,61,61,42
Atlanta Hawks,Reg,1610612737,199798,82,2887,6352,6111,48.1,100.6,36.8,0.4,684.7,8.4,100.9,21,61,61,61,61
Atlanta Hawks,Reg,1610612737,199899,50,1539,3759,3275,43.6,93.6,-224.8,-4.5,85.0,1.7,94.0,22,11,15,11,8
Atlanta Hawks,Reg,1610612737,199900,82,3000,6807,6258,46.0,96.1,-251.9,-3.1,232.8,2.8,99.4,58,15,15,15,45
Atlanta Hawks,Reg,1610612737,200001,82,2876,6668,6085,45.6,96.5,-220.0,-2.7,364.1,4.4,98.4,62,15,15,18,30
Atlanta Hawks,Reg,1610612737,200102,82,2901,6610,6225,47.1,98.7,-82.0,-1.0,251.2,3.1,96.6,44,40,40,40,14
Atlanta Hawks,Reg,1610612737,200203,82,2859,6434,6120,47.6,100.4,21.9,0.3,607.4,7.4,101.8,15,61,61,61,72
Atlanta Hawks,Reg,1610612737,200304,82,2829,6529,6077,46.5,98.8,-74.4,-0.9,252.0,3.1,98.5,47,40,40,40,40
Atlanta Hawks,Reg,1610612737,200405,82,2942,6672,6188,46.4,96.1,-248.2,-3.0,233.5,2.8,95.7,69,11,11,11,6
Atlanta Hawks,Reg,1610612737,200506,82,2946,6496,6316,48.6,99.2,-50.7,-0.6,289.7,3.5,98.3,56,35,35,38,32
Atlanta Hawks,Reg,1610612737,200607,82,2831,6372,6003,47.1,94.9,-323.7,-3.9,0.0,0.0,94.9,18,0,0,0,0
Atlanta Hawks,Reg,1610612737,200708,82,2975,6552,6334,48.3,97.2,-183.5,-2.2,245.0,3.0,97.7,35,32,35,32,28
Atlanta Hawks,Reg,1610612737,200809,82,2954,6447,6503,50.4,100.9,58.0,0.7,429.4,5.2,100.8,18,73,66,63,63
Atlanta Hawks,Reg,1610612737,200910,82,3181,6799,6886,50.6,101.1,77.5,0.9,658.1,8.0,101.5,63,66,66,63,69
Atlanta Hawks,Reg,1610612737,201011,82,2971,6428,6444,50.1,100.6,37.3,0.5,439.7,5.4,103.7,18,63,63,56,83
Atlanta Hawks,Reg,1610612737,201112,66,2429,5348,5350,50.0,102.6,138.0,2.1,652.5,9.9,102.7,39,76,76,76,78
Atlanta Hawks,Reg,1610612737,201213,82,3084,6644,6874,51.7,104.2,277.7,3.4,764.1,9.3,102.7,32,83,83,80,76
Atlanta Hawks,Reg,1610612737,201314,82,3061,6687,6890,51.5,102.8,188.6,2.3,592.5,7.2,102.5,22,73,73,73,76
Atlanta Hawks,Reg,1610612737,201415,82,3121,6699,7060,52.7,106.3,415.3,5.1,948.6,11.6,104.7,11,94,94,94,90
Atlanta Hawks,Reg,1610612737,201516,82,3166,6920,7145,51.6,102.7,191.0,2.3,783.3,9.6,100.9,45,83,83,83,73
Atlanta Hawks,Reg,1610612737,201617,82,3122,6913,6972,50.4,98.2,-128.6,-1.6,230.9,2.8,96.9,28,38,38,38,21
Atlanta Hawks,Reg,1610612737,201718,82,3130,7017,7177,51.1,98.1,-136.1,-1.7,233.0,2.8,96.9,35,28,28,28,17
Atlanta Hawks,Reg,1610612737,201819,82,3392,7527,7851,52.2,99.5,-39.1,-0.5,481.7,5.9,96.4,90,45,45,45,8
Atlanta Hawks,Reg,1610612737,201920,67,2723,6067,6251,51.5,97.4,-165.0,-2.5,218.4,3.3,96.9,79,18,18,21,22
Atlanta Hawks,Reg,1610612737,202021,72,2937,6286,6769,53.8,100.1,7.5,0.1,611.0,8.5,100.7,28,49,49,49,56
Atlanta Hawks,Reg,1610612737,202122,82,3401,7241,7858,54.3,102.1,157.9,1.9,700.9,8.5,103.5,59,76,76,76,83
Atlanta Hawks,Reg,1610612737,202223,46,2013,4239,4513,53.2,98.2,-82.2,-1.8,195.0,4.2,100.9,90,25,25,28,52
Boston Celtics,Reg,1610612738,199697,82,3066,6967,6599,47.4,96.1,-270.3,-3.3,239.7,2.9,94.5,97,18,15,18,9
Boston Celtics,Reg,1610612738,199798,82,3012,6934,6439,46.4,97.1,-191.4,-2.3,515.9,6.3,96.1,99,29,29,29,14
Boston Celtics,Reg,1610612738,199899,50,1816,4164,3905,46.9,100.7,28.3,0.6,371.4,7.4,99.2,89,54,54,54,36
Boston Celtics,Reg,1610612738,199900,82,3054,6880,6525,47.4,99.2,-55.0,-0.7,434.8,5.3,97.6,76,36,33,40,24
Boston Celtics,Reg,1610612738,200001,82,2773,6485,6138,47.3,100.1,5.2,0.1,573.3,7.0,96.1,32,54,54,54,11
Boston Celtics,Reg,1610612738,200102,82,2852,6731,6403,47.6,99.7,-20.2,-0.2,319.0,3.9,96.9,68,50,51,51,27
Boston Celtics,Reg,1610612738,200203,82,2700,6509,6119,47.0,99.2,-50.8,-0.6,541.5,6.6,95.6,29,36,36,36,12
Boston Celtics,Reg,1610612738,200304,82,2843,6415,6239,48.6,103.2,195.0,2.4,515.8,6.3,101.4,27,86,86,86,71
Boston Celtics,Reg,1610612738,200405,82,3046,6511,6529,50.1,104.0,248.7,3.0,718.8,8.8,101.2,38,94,94,94,69
Boston Celtics,Reg,1610612738,200506,82,2951,6322,6369,50.4,102.8,173.2,2.1,504.5,6.2,102.5,28,90,87,87,73
Boston Celtics,Reg,1610612738,200607,82,2858,6454,6187,47.9,96.6,-220.7,-2.7,107.1,1.3,97.1,39,11,11,7,15
Boston Celtics,Reg,1610612738,200708,82,2986,6286,6568,52.2,105.0,314.3,3.8,725.4,8.8,103.4,0,87,87,87,81
Boston Celtics,Reg,1610612738,200809,82,3075,6333,6688,52.8,105.6,357.2,4.4,722.0,8.8,104.3,8,97,97,97,96
Boston Celtics,Reg,1610612738,200910,82,3039,6293,6577,52.3,104.4,275.6,3.4,813.1,9.9,103.0,1,87,83,83,83
Boston Celtics,Reg,1610612738,201011,82,3023,6219,6454,51.9,104.1,256.2,3.1,645.5,7.9,103.9,1,80,80,80,87
Boston Celtics,Reg,1610612738,201112,66,2341,5086,5045,49.6,101.8,88.5,1.3,577.8,8.8,103.6,0,69,69,66,83
Boston Celtics,Reg,1610612738,201213,81,3001,6458,6500,50.3,101.4,89.1,1.1,561.8,6.9,103.2,8,63,63,63,79
Boston Celtics,Reg,1610612738,201314,82,2996,6881,6567,47.7,95.2,-328.9,-4.0,86.7,1.1,96.4,70,7,7,7,18
Boston Celtics,Reg,1610612738,201415,82,3193,7209,7046,48.9,98.5,-103.8,-1.3,470.0,5.7,99.0,100,28,28,38,37
Boston Celtics,Reg,1610612738,201516,82,3216,7316,7149,48.9,97.2,-203.4,-2.5,422.9,5.2,95.8,100,25,21,25,14
Boston Celtics,Reg,1610612738,201617,82,3166,6977,7315,52.4,102.1,147.9,1.8,510.7,6.2,99.8,42,69,69,76,45
Boston Celtics,Reg,1610612738,201718,82,3141,6975,7221,51.8,99.3,-48.8,-0.6,318.1,3.9,99.6,17,52,52,49,48
Boston Celtics,Reg,1610612738,201819,82,3451,7423,7934,53.4,102.0,152.9,1.9,666.6,8.1,103.4,74,80,83,83,91
Boston Celtics,Reg,1610612738,201920,72,2971,6448,6847,53.1,100.4,27.1,0.4,434.6,6.0,100.4,64,45,45,45,49
Boston Celtics,Reg,1610612738,202021,72,2985,6401,6949,54.3,100.9,64.0,0.9,678.5,9.4,101.3,66,63,63,63,59
Boston Celtics,Reg,1610612738,202122,82,3341,7167,7767,54.2,101.9,146.2,1.8,683.7,8.3,101.3,45,73,73,73,63
Boston Celtics,Reg,1610612738,202223,46,1943,4082,4599,56.3,103.9,173.9,3.8,440.9,9.6,103.2,56,90,90,87,86
Cleveland Cavaliers,Reg,1610612739,199697,82,2704,5972,5891,49.3,100.0,2.4,0.0,439.5,5.4,101.5,1,50,51,47,62
Cleveland Cavaliers,Reg,1610612739,199798,82,2817,6207,5932,47.8,99.9,-3.7,0.0,629.4,7.7,99.3,8,58,58,40,40
Cleveland Cavaliers,Reg,1610612739,199899,50,1562,3561,3306,46.4,99.7,-9.3,-0.2,284.2,5.7,99.3,1,47,47,43,37
Cleveland Cavaliers,Reg,1610612739,199900,82,2977,6734,6297,46.8,97.8,-142.8,-1.7,336.7,4.1,96.4,44,22,26,22,17
Cleveland Cavaliers,Reg,1610612739,200001,82,2890,6532,6000,45.9,97.1,-176.4,-2.2,395.8,4.8,98.9,47,22,22,22,35
Cleveland Cavaliers,Reg,1610612739,200102,82,2947,6581,6280,47.7,100.0,0.0,0.0,331.7,4.0,103.1,38,65,65,65,83
Cleveland Cavaliers,Reg,1610612739,200203,82,2850,6746,5993,44.4,93.7,-400.7,-4.9,213.2,2.6,93.5,74,8,8,8,5
Cleveland Cavaliers,Reg,1610612739,200304,82,2922,6753,6091,45.1,95.7,-271.5,-3.3,66.2,0.8,96.7,86,4,4,4,15
Cleveland Cavaliers,Reg,1610612739,200405,82,2990,6687,6280,47.0,97.4,-169.8,-2.1,313.0,3.8,98.4,78,18,18,18,41
Cleveland Cavaliers,Reg,1610612739,200506,82,2908,6412,6313,49.2,100.5,29.5,0.4,365.5,4.5,97.2,45,59,59,56,21
Cleveland Cavaliers,Reg,1610612739,200607,82,2978,6658,6450,48.4,97.6,-159.8,-1.9,178.4,2.2,97.4,73,28,28,28,18
Cleveland Cavaliers,Reg,1610612739,200708,82,2937,6697,6426,48.0,96.5,-235.7,-2.9,202.2,2.5,94.7,51,14,14,14,1
Cleveland Cavaliers,Reg,1610612739,200809,82,3022,6454,6700,51.9,103.9,249.1,3.0,620.9,7.6,103.4,21,90,90,90,87
Cleveland Cavaliers,Reg,1610612739,200910,82,3100,6390,6801,53.2,106.3,402.6,4.9,948.3,11.6,103.9,8,94,94,94,91
Cleveland Cavaliers,Reg,1610612739,201011,82,2886,6647,6281,47.3,94.8,-343.0,-4.2,73.1,0.9,94.1,58,7,7,7,0
Cleveland Cavaliers,Reg,1610612739,201112,66,2261,5360,4962,46.3,95.0,-261.6,-4.0,254.1,3.8,92.5,46,4,4,4,4
Cleveland Cavaliers,Reg,1610612739,201213,82,2993,6901,6533,47.3,95.3,-318.8,-3.9,186.3,2.3,97.3,82,14,11,14,23
Cleveland Cavaliers,Reg,1610612739,201314,82,3036,6954,6656,47.9,95.5,-312.9,-3.8,107.1,1.3,97.9,76,11,11,11,32
Cleveland Cavaliers,Reg,1610612739,201415,82,3088,6738,7001,52.0,104.8,318.0,3.9,854.4,10.4,103.1,21,90,90,90,83
Cleveland Cavaliers,Reg,1610612739,201516,82,3169,6883,7216,52.4,104.3,298.7,3.6,887.9,10.8,103.4,36,90,90,90,87
Cleveland Cavaliers,Reg,1610612739,201617,82,3273,6956,7611,54.7,106.5,466.1,5.7,827.8,10.1,104.4,39,97,97,97,91
Cleveland Cavaliers,Reg,1610612739,201718,82,3311,6955,7603,54.7,104.9,354.7,4.3,720.5,8.8,102.2,14,94,94,94,81
Cleveland Cavaliers,Reg,1610612739,201819,82,3189,7186,7225,50.3,95.9,-307.6,-3.8,189.7,2.3,97.5,25,4,4,4,17
Cleveland Cavaliers,Reg,1610612739,201920,65,2619,5718,5965,52.2,98.6,-82.3,-1.3,279.0,4.3,99.4,24,28,28,28,37
Cleveland Cavaliers,Reg,1610612739,202021,72,2778,6177,6276,50.8,94.5,-368.1,-5.1,224.8,3.1,93.4,7,4,7,4,0
Cleveland Cavaliers,Reg,1610612739,202122,82,3255,6940,7463,53.8,101.1,83.3,1.0,603.8,7.4,100.3,5,56,56,52,50
Cleveland Cavaliers,Reg,1610612739,202223,47,1912,3961,4364,55.1,101.6,70.5,1.5,329.6,7.0,101.0,7,66,66,66,57
New Orleans Hornets,Reg,1610612740,200304,82,2772,6605,6075,46.0,97.6,-148.0,-1.8,182.3,2.2,97.0,65,25,26,26,21
New Orleans Hornets,Reg,1610612740,200405,82,2718,6556,5851,44.6,92.5,-473.3,-5.8,0.0,0.0,93.1,42,0,1,0,0
New Orleans Hornets,Reg,1610612740,200506,82,2831,6428,5962,46.4,94.7,-336.8,-4.1,0.0,0.0,96.0,49,0,4,0,9
New Orleans Hornets,Reg,1610612740,200607,82,2971,6674,6397,47.9,96.5,-229.6,-2.8,109.5,1.3,96.5,83,7,7,11,9
New Orleans Hornets,Reg,1610612740,200708,82,3164,6796,6958,51.2,102.9,197.1,2.4,641.5,7.8,103.8,76,83,80,76,89
New Orleans Hornets,Reg,1610612740,200809,82,2910,6364,6375,50.1,100.2,14.0,0.2,380.6,4.6,101.0,11,56,52,49,66
New Orleans Hornets,Reg,1610612740,200910,82,3178,6842,6927,50.6,101.1,75.3,0.9,659.6,8.0,101.3,73,63,63,66,66
New Orleans Hornets,Reg,1610612740,201011,82,2944,6416,6332,49.4,99.0,-61.6,-0.8,340.0,4.1,103.0,15,38,38,35,77
New Orleans Hornets,Reg,1610612740,201112,66,2300,5103,4859,47.6,97.7,-114.3,-1.7,376.6,5.7,100.7,4,32,32,28,55
New Orleans Hornets,Reg,1610612740,201213,82,2955,6589,6445,48.9,98.5,-96.2,-1.2,386.1,4.7,98.8,14,45,45,45,42
New Orleans Hornets,Reg,1610612740,201314,82,3101,6761,6688,49.5,98.7,-87.9,-1.1,320.5,3.9,98.8,44,45,45,45,38
New Orleans Pelicans,Reg,1610612740,201415,82,3107,6793,6799,50.0,100.9,61.1,0.7,601.9,7.3,99.3,40,66,66,66,45
New Orleans Pelicans,Reg,1610612740,201516,82,3152,7035,7005,49.8,99.1,-64.7,-0.8,537.5,6.6,99.5,73,38,38,45,41
New Orleans Pelicans,Reg,1610612740,201617,82,3208,7125,7182,50.4,98.1,-136.8,-1.7,233.7,2.9,98.4,63,35,35,42,35
New Orleans Pelicans,Reg,1610612740,201718,82,3500,7241,7837,54.1,103.9,291.1,3.5,672.0,8.2,103.7,94,90,90,90,97
New Orleans Pelicans,Reg,1610612740,201819,82,3581,7564,8004,52.9,101.0,75.6,0.9,599.1,7.3,100.6,94,66,69,69,64
New Orleans Pelicans,Reg,1610612740,201920,72,3065,6598,7112,53.9,101.9,134.6,1.9,551.6,7.7,99.5,100,83,83,83,41
New Orleans Pelicans,Reg,1610612740,202021,72,3060,6413,6882,53.7,99.8,-15.4,-0.2,600.3,8.3,99.4,69,45,45,45,42
New Orleans Pelicans,Reg,1610612740,202122,82,3294,7212,7461,51.7,97.3,-207.7,-2.5,333.2,4.1,98.5,48,21,21,21,35
New Orleans Pelicans,Reg,1610612740,202223,46,1956,4076,4428,54.3,100.2,9.8,0.2,276.4,6.0,98.7,53,59,59,59,43
Chicago Bulls,Reg,1610612741,199697,82,3277,6923,7077,51.1,103.7,250.6,3.1,757.4,9.2,105.4,94,86,90,90,93
Chicago Bulls,Reg,1610612741,199798,82,3064,6801,6439,47.3,99.0,-63.9,-0.8,629.8,7.7,99.9,80,36,36,47,47
Chicago Bulls,Reg,1610612741,199899,50,1539,3836,3255,42.4,91.1,-316.1,-6.3,0.0,0.0,91.7,37,0,0,0,1
Chicago Bulls,Reg,1610612741,199900,82,2565,6180,5470,44.3,92.6,-440.0,-5.4,0.0,0.0,92.0,0,0,4,0,0
Chicago Bulls,Reg,1610612741,200001,82,2721,6411,5771,45.0,95.2,-291.1,-3.5,270.5,3.3,96.6,15,4,4,4,14
Chicago Bulls,Reg,1610612741,200102,82,2809,6488,5916,45.6,95.6,-275.1,-3.4,51.9,0.6,97.4,19,11,11,11,30
Chicago Bulls,Reg,1610612741,200203,82,2991,6714,6331,47.2,99.5,-32.2,-0.4,578.7,7.1,98.8,65,40,40,47,36
Chicago Bulls,Reg,1610612741,200304,82,2798,6753,6025,44.6,94.7,-337.7,-4.1,0.0,0.0,96.4,86,0,1,0,7
Chicago Bulls,Reg,1610612741,200405,82,2849,6592,6209,47.1,97.6,-150.3,-1.8,325.6,4.0,97.4,49,21,21,21,17
Chicago Bulls,Reg,1610612741,200506,82,3004,6737,6568,48.8,99.5,-33.7,-0.4,319.3,3.9,100.3,90,49,49,52,55
Chicago Bulls,Reg,1610612741,200607,82,3046,6663,6572,49.3,99.4,-42.6,-0.5,295.8,3.6,101.4,75,45,45,49,75
Chicago Bulls,Reg,1610612741,200708,82,2987,6861,6448,47.0,94.5,-377.4,-4.6,71.4,0.9,96.0,87,7,7,7,10
Chicago Bulls,Reg,1610612741,200809,82,3126,6844,6745,49.3,98.6,-95.8,-1.2,298.4,3.6,99.2,87,32,32,35,38
Chicago Bulls,Reg,1610612741,200910,82,3081,6824,6514,47.7,95.3,-319.4,-3.9,263.4,3.2,97.3,70,7,7,7,20
Chicago Bulls,Reg,1610612741,201011,82,3042,6587,6595,50.1,100.5,30.3,0.4,442.6,5.4,98.7,29,56,56,59,33
Chicago Bulls,Reg,1610612741,201112,66,2467,5461,5353,49.0,100.6,30.6,0.5,555.9,8.4,100.9,78,56,56,59,58
Chicago Bulls,Reg,1610612741,201213,82,2926,6698,6298,47.0,94.7,-352.3,-4.3,138.0,1.7,95.2,55,4,4,4,10
Chicago Bulls,Reg,1610612741,201314,82,2843,6577,6194,47.1,94.0,-397.3,-4.8,0.0,0.0,95.6,11,0,0,0,13
Chicago Bulls,Reg,1610612741,201415,82,3001,6797,6647,48.9,98.6,-93.8,-1.1,447.2,5.5,99.0,42,32,32,32,38
Chicago Bulls,Reg,1610612741,201516,82,3165,7170,6981,48.7,96.9,-225.1,-2.7,388.6,4.7,98.5,97,11,11,14,28
Chicago Bulls,Reg,1610612741,201617,82,3169,7138,6961,48.8,94.9,-371.2,-4.5,0.0,0.0,96.6,75,0,0,0,18
Chicago Bulls,Reg,1610612741,201718,82,3170,7286,7246,49.7,95.4,-346.8,-4.2,36.4,0.4,96.1,100,4,4,4,7
Chicago Bulls,Reg,1610612741,201819,82,3266,7207,7277,50.5,96.3,-276.7,-3.4,222.0,2.7,97.1,28,7,7,7,11
Chicago Bulls,Reg,1610612741,201920,65,2573,5764,5939,51.5,97.4,-156.8,-2.4,207.5,3.2,94.5,48,18,21,18,4
Chicago Bulls,Reg,1610612741,202021,72,3035,6381,6974,54.7,101.6,111.0,1.5,723.6,10.1,101.7,57,69,69,69,62
Chicago Bulls,Reg,1610612741,202122,82,3422,7127,7716,54.1,101.8,136.8,1.7,671.4,8.2,104.2,35,69,69,69,96
Chicago Bulls,Reg,1610612741,202223,45,1925,3936,4337,55.1,101.6,70.1,1.6,327.5,7.3,102.7,38,66,69,69,79
Dallas Mavericks,Reg,1610612742,199697,82,2812,6451,6053,46.9,95.2,-307.1,-3.7,165.1,2.0,95.5,43,4,8,4,16
Dallas Mavericks,Reg,1610612742,199798,82,2882,6753,6186,45.8,95.8,-271.5,-3.3,417.3,5.1,99.1,75,11,11,11,36
Dallas Mavericks,Reg,1610612742,199899,50,1749,4033,3700,45.9,98.5,-54.8,-1.1,277.5,5.5,100.7,82,36,36,36,57
Dallas Mavericks,Reg,1610612742,199900,82,3195,7047,6909,49.0,102.5,169.1,2.1,670.9,8.2,103.9,93,75,79,83,88
Dallas Mavericks,Reg,1610612742,200001,82,3085,6716,6687,49.8,105.3,335.8,4.1,924.1,11.3,105.0,68,93,97,97,92
Dallas Mavericks,Reg,1610612742,200102,82,3200,6930,7021,50.7,106.2,408.9,5.0,758.1,9.2,105.3,90,97,100,100,90
Dallas Mavericks,Reg,1610612742,200203,82,3161,6982,6958,49.8,105.1,340.7,4.2,976.1,11.9,104.9,99,93,93,97,91
Dallas Mavericks,Reg,1610612742,200304,82,3322,7230,7151,49.5,105.0,338.4,4.1,699.9,8.5,105.6,100,93,93,93,94
Dallas Mavericks,Reg,1610612742,200405,82,3058,6691,6579,49.2,101.9,124.5,1.5,607.5,7.4,103.3,80,76,76,80,87
Dallas Mavericks,Reg,1610612742,200506,82,2948,6375,6312,49.5,101.0,65.0,0.8,399.1,4.9,103.8,42,69,69,66,94
Dallas Mavericks,Reg,1610612742,200607,82,3010,6442,6555,50.9,102.5,159.8,1.9,487.0,5.9,104.6,31,87,87,87,97
Dallas Mavericks,Reg,1610612742,200708,82,3025,6515,6544,50.2,101.0,62.5,0.8,488.6,6.0,103.7,21,63,63,63,87
Dallas Mavericks,Reg,1610612742,200809,82,3128,6770,6827,50.4,100.9,59.6,0.7,449.5,5.5,104.0,82,66,73,69,93
Dallas Mavericks,Reg,1610612742,200910,82,3140,6759,6838,50.6,101.0,68.9,0.8,646.2,7.9,103.1,56,59,59,59,85
Dallas Mavericks,Reg,1610612742,201011,82,3069,6463,6783,52.5,105.3,342.5,4.2,747.1,9.1,106.5,21,94,94,90,100
Dallas Mavericks,Reg,1610612742,201112,66,2398,5412,5293,48.9,100.3,18.4,0.3,539.0,8.2,101.6,56,52,52,52,64
Dallas Mavericks,Reg,1610612742,201213,82,3182,6892,6970,50.6,101.9,128.2,1.6,632.7,7.7,105.4,78,66,69,69,90
Dallas Mavericks,Reg,1610612742,201314,82,3248,6857,7216,52.6,105.0,344.2,4.2,758.4,9.2,106.0,66,90,90,90,94
Dallas Mavericks,Reg,1610612742,201415,82,3255,7036,7242,51.5,103.8,263.1,3.2,823.2,10.0,103.5,83,83,83,83,86
Dallas Mavericks,Reg,1610612742,201516,82,3062,6898,6928,50.2,99.9,-4.1,-0.1,586.3,7.2,100.5,42,59,59,59,62
Dallas Mavericks,Reg,1610612742,201617,82,2967,6749,6811,50.5,98.2,-121.5,-1.5,229.5,2.8,100.8,11,42,42,35,65
Dallas Mavericks,Reg,1610612742,201718,82,3128,7043,7223,51.3,98.4,-116.9,-1.4,253.5,3.1,98.9,42,38,38,38,31
Dallas Mavericks,Reg,1610612742,201819,82,3182,7126,7386,51.8,98.9,-84.1,-1.0,409.0,5.0,98.3,7,38,38,35,35
Dallas Mavericks,Reg,1610612742,201920,75,3124,6772,7384,54.5,103.1,222.1,3.0,650.1,8.7,102.7,69,90,90,94,84
Dallas Mavericks,Reg,1610612742,202021,72,2958,6288,6910,55.0,102.2,147.1,2.0,750.8,10.4,103.3,29,76,76,73,80
Dallas Mavericks,Reg,1610612742,202122,82,3222,6982,7517,53.8,101.2,92.2,1.1,615.8,7.5,102.0,11,59,59,56,70
Dallas Mavericks,Reg,1610612742,202223,47,1843,3910,4383,56.1,103.4,144.7,3.1,400.4,8.5,102.9,0,83,83,80,84
Denver Nuggets,Reg,1610612743,199697,82,2934,6687,6504,48.6,98.6,-89.6,-1.1,399.9,4.9,100.9,80,40,40,40,55
Denver Nuggets,Reg,1610612743,199798,82,2677,6411,5642,44.0,92.0,-488.5,-6.0,165.4,2.0,93.6,36,4,4,4,4
Denver Nuggets,Reg,1610612743,199899,50,1681,3989,3664,45.9,98.7,-49.5,-1.0,279.2,5.6,97.6,72,40,40,40,32
Denver Nuggets,Reg,1610612743,199900,82,3057,6911,6584,47.6,99.6,-26.3,-0.3,465.8,5.7,98.1,79,47,47,47,30
Denver Nuggets,Reg,1610612743,200001,82,2979,6877,6470,47.0,99.5,-33.0,-0.4,569.4,6.9,96.7,85,47,47,50,18
Denver Nuggets,Reg,1610612743,200102,82,2915,6870,6253,45.5,95.4,-302.3,-3.7,44.0,0.5,94.8,79,8,8,8,5
Denver Nuggets,Reg,1610612743,200203,82,2689,6544,5607,42.8,90.4,-595.5,-7.3,0.0,0.0,91.4,36,0,0,0,0
Denver Nuggets,Reg,1610612743,200304,82,2993,6763,6317,46.7,99.1,-55.5,-0.7,282.7,3.4,98.3,92,43,43,43,38
Denver Nuggets,Reg,1610612743,200405,82,3038,6615,6396,48.3,100.2,14.6,0.2,492.2,6.0,98.4,55,52,52,56,39
Denver Nuggets,Reg,1610612743,200506,82,3078,6672,6506,48.8,99.5,-32.0,-0.4,317.6,3.9,98.8,83,52,52,49,47
Denver Nuggets,Reg,1610612743,200607,82,3164,6805,6812,50.1,100.8,55.8,0.7,401.5,4.9,97.9,90,63,63,66,23
Denver Nuggets,Reg,1610612743,200708,82,3307,7038,7183,51.0,102.6,181.6,2.2,641.9,7.8,99.9,97,73,76,80,59
Denver Nuggets,Reg,1610612743,200809,82,3058,6510,6664,51.2,102.4,156.2,1.9,531.2,6.5,100.5,28,80,80,80,61
Denver Nuggets,Reg,1610612743,200910,82,3124,6678,6792,50.9,101.6,104.2,1.3,674.5,8.2,99.9,46,69,69,69,48
Denver Nuggets,Reg,1610612743,201011,82,3144,6609,6949,52.6,105.5,362.2,4.4,775.9,9.5,101.1,42,97,97,97,67
Denver Nuggets,Reg,1610612743,201112,66,2572,5403,5579,51.6,106.0,313.4,4.7,833.1,12.6,100.3,52,97,97,97,52
Denver Nuggets,Reg,1610612743,201213,82,3339,6981,7199,51.6,103.9,268.1,3.3,779.1,9.5,97.8,97,80,80,83,31
Denver Nuggets,Reg,1610612743,201314,82,3147,7042,6996,49.7,99.1,-62.0,-0.8,363.4,4.4,96.6,87,49,49,49,23
Denver Nuggets,Reg,1610612743,201415,82,3099,7158,6858,47.9,96.6,-241.9,-3.0,327.8,4.0,95.8,97,18,18,18,11
Denver Nuggets,Reg,1610612743,201516,82,3092,7002,6839,48.8,97.2,-197.5,-2.4,401.9,4.9,95.8,62,21,25,21,14
Denver Nuggets,Reg,1610612743,201617,82,3377,7191,7624,53.0,103.2,237.3,2.9,611.2,7.5,100.8,90,87,87,87,67
Denver Nuggets,Reg,1610612743,201718,82,3338,7103,7616,53.6,102.9,213.1,2.6,586.7,7.2,101.6,63,83,83,83,69
Denver Nuggets,Reg,1610612743,201819,82,3439,7385,7781,52.7,100.5,39.9,0.5,550.9,6.7,101.8,66,52,52,52,84
Denver Nuggets,Reg,1610612743,201920,73,3069,6488,6939,53.5,101.1,77.9,1.1,487.9,6.7,102.2,52,69,69,69,70
Denver Nuggets,Reg,1610612743,202021,72,3114,6423,7155,55.7,103.6,246.6,3.4,863.3,12.0,104.4,76,83,83,83,86
Denver Nuggets,Reg,1610612743,202122,82,3416,7079,7871,55.6,104.6,342.6,4.2,873.5,10.7,103.5,26,100,100,100,81
Denver Nuggets,Reg,1610612743,202223,46,2028,3962,4619,58.3,107.5,324.1,7.0,583.2,12.7,106.6,25,100,100,100,94
Golden State Warriors,Reg,1610612744,199697,82,2996,6566,6473,49.3,100.0,-1.3,0.0,479.3,5.8,100.2,61,47,47,51,46
Golden State Warriors,Reg,1610612744,199798,82,2845,6883,5879,42.7,89.3,-702.1,-8.6,0.0,0.0,92.3,94,0,1,0,0
Golden State Warriors,Reg,1610612744,199899,50,1730,4173,3622,43.4,93.2,-262.9,-5.3,81.0,1.6,96.1,93,8,8,8,17
Golden State Warriors,Reg,1610612744,199900,82,2996,7140,6337,44.4,92.8,-491.2,-6.0,17.1,0.2,93.4,97,4,0,4,4
Golden State Warriors,Reg,1610612744,200001,82,2937,7175,6156,42.9,90.7,-628.5,-7.7,0.0,0.0,91.9,100,0,0,0,0
Golden State Warriors,Reg,1610612744,200102,82,2998,6989,6316,45.2,94.7,-352.2,-4.3,0.0,0.0,94.0,97,0,1,0,0
Golden State Warriors,Reg,1610612744,200203,82,3061,6941,6547,47.2,99.5,-31.9,-0.4,599.7,7.3,99.3,94,43,43,58,40
Golden State Warriors,Reg,1610612744,200304,82,2875,6511,6179,47.5,100.7,44.3,0.5,369.8,4.5,100.5,43,61,61,61,61
Golden State Warriors,Reg,1610612744,200405,82,3029,7039,6682,47.5,98.4,-108.4,-1.3,399.8,4.9,96.7,100,32,28,45,7
Golden State Warriors,Reg,1610612744,200506,82,2939,6785,6503,47.9,97.8,-146.6,-1.8,209.0,2.5,95.0,94,21,21,28,2
Golden State Warriors,Reg,1610612744,200607,82,3261,7048,7222,51.2,103.2,224.1,2.7,582.2,7.1,98.2,100,94,94,94,29
Golden State Warriors,Reg,1610612744,200708,82,3403,7406,7567,51.1,102.7,200.0,2.4,684.3,8.3,97.8,100,80,83,83,30
Golden State Warriors,Reg,1610612744,200809,82,3231,7054,7012,49.7,99.4,-39.5,-0.5,366.8,4.5,99.1,94,42,42,45,38
Golden State Warriors,Reg,1610612744,200910,82,3329,7094,7291,51.4,102.6,187.3,2.3,793.1,9.7,102.4,100,76,80,80,77
Golden State Warriors,Reg,1610612744,201011,82,3251,7047,7187,51.0,102.3,163.5,2.0,604.6,7.4,101.0,100,73,73,73,62
Golden State Warriors,Reg,1610612744,201112,66,2489,5443,5502,50.5,103.7,197.0,3.0,720.7,10.9,104.7,69,87,90,90,93
Golden State Warriors,Reg,1610612744,201213,82,3130,6840,6918,50.6,101.9,127.2,1.6,627.9,7.7,104.8,73,66,66,66,86
Golden State Warriors,Reg,1610612744,201314,82,3236,7005,7246,51.7,103.2,225.6,2.8,648.7,7.9,103.2,83,76,76,76,83
Golden State Warriors,Reg,1610612744,201415,82,3410,7137,7703,54.0,108.8,625.2,7.6,1193.3,14.6,107.3,94,100,100,100,97
Golden State Warriors,Reg,1610612744,201516,82,3487,7157,8049,56.2,111.9,856.0,10.4,1468.6,17.9,109.9,93,100,100,100,100
Golden State Warriors,Reg,1610612744,201617,82,3531,7141,8043,56.3,109.7,708.4,8.6,1079.7,13.2,108.7,76,100,100,100,100
Golden State Warriors,Reg,1610612744,201718,82,3509,6984,7944,56.9,109.1,664.9,8.1,1032.2,12.6,110.8,20,100,100,100,100
Golden State Warriors,Reg,1610612744,201819,82,3612,7362,8311,56.5,107.7,594.8,7.3,1104.3,13.5,110.5,56,100,100,100,100
Golden State Warriors,Reg,1610612744,201920,65,2510,5730,5698,49.7,94.0,-362.1,-5.6,0.0,0.0,96.0,30,0,0,0,18
Golden State Warriors,Reg,1610612744,202021,72,2974,6349,6997,55.1,102.5,167.6,2.3,777.1,10.8,101.8,45,80,80,80,68
Golden State Warriors,Reg,1610612744,202122,82,3323,7087,7822,55.2,103.8,286.3,3.5,817.8,10.0,103.7,32,94,94,94,86
Golden State Warriors,Reg,1610612744,202223,46,1956,4151,4672,56.3,103.8,172.7,3.8,444.2,9.7,106.6,78,87,87,90,97
Houston Rockets,Reg,1610612745,199697,82,3037,6484,6745,52.0,105.5,351.4,4.3,826.1,10.1,106.2,54,97,97,97,97
Houston Rockets,Reg,1610612745,199798,82,2946,6513,6465,49.6,103.8,237.1,2.9,901.4,11.0,102.3,54,83,83,83,76
Houston Rockets,Reg,1610612745,199899,50,1755,3798,3846,50.6,108.8,309.9,6.2,622.9,12.5,107.6,25,100,100,100,100
Houston Rockets,Reg,1610612745,199900,82,3001,6664,6583,49.4,103.3,209.2,2.6,683.7,8.3,97.3,36,90,86,90,22
Houston Rockets,Reg,1610612745,200001,82,2943,6494,6390,49.2,104.1,249.4,3.0,818.2,10.0,101.3,40,79,79,75,72
Houston Rockets,Reg,1610612745,200102,82,2836,6628,6167,46.5,97.5,-157.7,-1.9,176.3,2.2,95.5,47,29,29,29,7
Houston Rockets,Reg,1610612745,200203,82,2840,6461,6119,47.4,99.9,-5.2,-0.1,582.8,7.1,99.5,18,58,58,50,48
Houston Rockets,Reg,1610612745,200304,82,2738,6195,5991,48.4,102.6,153.6,1.9,463.4,5.7,102.7,4,83,83,79,82
Houston Rockets,Reg,1610612745,200405,82,2846,6419,6245,48.6,100.9,52.6,0.6,516.1,6.3,101.8,18,66,66,63,79
Houston Rockets,Reg,1610612745,200506,82,2708,6252,5885,47.1,96.0,-242.6,-3.0,85.0,1.0,96.8,15,11,11,11,18
Houston Rockets,Reg,1610612745,200607,82,2906,6528,6517,49.9,100.6,36.6,0.4,368.2,4.5,100.8,53,52,52,56,63
Houston Rockets,Reg,1610612745,200708,82,3003,6698,6589,49.2,98.9,-73.7,-0.9,364.4,4.4,98.0,52,45,45,49,37
Houston Rockets,Reg,1610612745,200809,82,2959,6525,6539,50.1,100.3,17.0,0.2,392.8,4.8,99.9,31,59,59,56,45
Houston Rockets,Reg,1610612745,200910,82,3093,6921,6831,49.4,98.6,-99.7,-1.2,491.4,6.0,96.6,94,35,35,38,11
Houston Rockets,Reg,1610612745,201011,82,3169,6973,7014,50.3,100.9,64.2,0.8,500.7,6.1,100.1,91,69,69,69,51
Houston Rockets,Reg,1610612745,201112,66,2489,5542,5456,49.2,101.0,54.3,0.8,587.5,8.9,101.5,93,66,66,69,62
Houston Rockets,Reg,1610612745,201213,82,3124,6781,7115,52.5,105.7,382.4,4.7,878.8,10.7,100.4,69,87,87,94,65
Houston Rockets,Reg,1610612745,201314,82,3114,6599,7003,53.1,105.9,389.3,4.7,787.9,9.6,100.6,14,94,94,94,49
Houston Rockets,Reg,1610612745,201415,82,3032,6831,6997,51.2,103.3,222.7,2.7,766.4,9.3,98.4,63,80,80,80,28
Houston Rockets,Reg,1610612745,201516,82,3093,6841,7063,51.6,102.7,187.4,2.3,773.0,9.4,98.2,25,80,80,80,24
Houston Rockets,Reg,1610612745,201617,82,3302,7146,7782,54.5,106.0,441.6,5.4,813.2,9.9,99.9,84,94,94,94,45
Houston Rockets,Reg,1610612745,201718,82,3174,6906,7604,55.1,105.6,406.1,5.0,769.3,9.4,101.9,11,97,97,97,72
Houston Rockets,Reg,1610612745,201819,82,3218,7164,7759,54.2,103.3,249.3,3.0,745.1,9.1,100.5,14,90,90,90,61
Houston Rockets,Reg,1610612745,201920,72,2936,6512,6998,53.7,101.6,110.7,1.5,522.3,7.3,97.5,77,80,80,80,25
Houston Rockets,Reg,1610612745,202021,72,2826,6373,6644,52.1,96.9,-210.3,-2.9,401.5,5.6,93.3,53,21,21,21,0
Houston Rockets,Reg,1610612745,202122,82,3229,7083,7563,53.4,100.4,31.2,0.4,562.4,6.9,96.1,27,45,45,49,15
Houston Rockets,Reg,1610612745,202223,45,1780,3986,4081,51.2,94.4,-240.0,-5.3,20.7,0.5,93.2,49,7,7,7,4
LA Clippers,Reg,1610612746,201617,82,3233,6789,7298,53.8,104.7,324.5,4.0,677.5,8.3,106.2,14,90,90,90,97
LA Clippers,Reg,1610612746,201718,82,3302,7005,7381,52.7,101.1,79.9,1.0,448.3,5.5,100.1,32,69,69,73,60
LA Clippers,Reg,1610612746,201819,82,3384,7179,7589,52.9,100.9,64.6,0.8,561.4,6.8,101.5,23,63,63,59,76
LA Clippers,Reg,1610612746,201920,72,2992,6425,6879,53.5,101.2,83.5,1.2,489.6,6.8,101.7,57,73,73,73,63
LA Clippers,Reg,1610612746,202021,72,3009,6242,7045,56.4,104.9,330.8,4.6,930.1,12.9,106.4,18,90,90,87,97
LA Clippers,Reg,1610612746,202122,82,3285,7170,7617,53.1,99.9,-7.2,-0.1,530.6,6.5,101.6,46,38,38,35,66
LA Clippers,Reg,1610612746,202223,48,1906,4100,4410,53.8,99.2,-34.4,-0.7,233.7,4.9,101.8,21,49,49,45,66
Los Angeles Clippers,Reg,1610612746,199697,82,2989,6696,6452,48.2,97.7,-150.0,-1.8,340.2,4.1,97.7,82,29,29,29,28
Los Angeles Clippers,Reg,1610612746,199798,82,2930,6690,6385,47.7,99.8,-12.0,-0.1,670.3,8.2,97.1,68,54,54,58,22
Los Angeles Clippers,Reg,1610612746,199899,50,1711,4007,3636,45.4,97.5,-94.6,-1.9,235.6,4.7,96.6,79,29,29,29,22
Los Angeles Clippers,Reg,1610612746,199900,82,2877,6757,6183,45.8,95.7,-279.7,-3.4,201.4,2.5,96.2,47,11,11,11,16
Los Angeles Clippers,Reg,1610612746,200001,82,2896,6466,6152,47.6,100.6,37.5,0.5,603.9,7.4,101.3,28,61,61,61,72
Los Angeles Clippers,Reg,1610612746,200102,82,2970,6668,6348,47.6,99.8,-14.7,-0.2,321.4,3.9,101.1,55,58,58,54,67
Los Angeles Clippers,Reg,1610612746,200203,82,2835,6490,6060,46.7,98.5,-90.9,-1.1,499.7,6.1,97.0,24,25,25,22,22
Los Angeles Clippers,Reg,1610612746,200304,82,2817,6579,5963,45.3,96.2,-235.5,-2.9,93.4,1.1,95.5,58,8,8,8,5
Los Angeles Clippers,Reg,1610612746,200405,82,2924,6368,6079,47.7,99.0,-63.7,-0.8,396.1,4.8,102.2,11,45,45,42,83
Los Angeles Clippers,Reg,1610612746,200506,82,2993,6443,6276,48.7,99.4,-38.7,-0.5,299.0,3.6,105.0,52,42,42,42,97
Los Angeles Clippers,Reg,1610612746,200607,82,2880,6318,6074,48.1,96.8,-198.4,-2.4,122.6,1.5,101.5,8,21,21,21,79
Los Angeles Clippers,Reg,1610612746,200708,82,2820,6445,5990,46.5,93.4,-421.5,-5.1,0.0,0.0,98.4,11,0,4,0,45
Los Angeles Clippers,Reg,1610612746,200809,82,2955,6695,6445,48.1,96.3,-247.7,-3.0,137.9,1.7,97.1,70,7,7,7,17
Los Angeles Clippers,Reg,1610612746,200910,82,3001,6600,6484,49.1,98.1,-125.4,-1.5,438.2,5.3,97.3,28,32,32,25,18
Los Angeles Clippers,Reg,1610612746,201011,82,3012,6590,6534,49.6,99.5,-33.0,-0.4,379.6,4.6,95.9,30,49,49,49,13
Los Angeles Clippers,Reg,1610612746,201112,66,2437,5362,5386,50.2,103.1,159.8,2.4,675.6,10.2,102.0,46,80,80,80,69
Los Angeles Clippers,Reg,1610612746,201213,82,3160,6606,6947,52.6,105.9,388.4,4.7,872.0,10.6,104.5,20,90,90,90,83
Los Angeles Clippers,Reg,1610612746,201314,82,3206,6754,7103,52.6,104.9,333.6,4.1,741.6,9.0,104.1,41,87,87,87,88
Los Angeles Clippers,Reg,1610612746,201415,82,3227,6827,7280,53.3,107.5,509.3,6.2,1052.7,12.8,108.1,54,97,97,97,100
Los Angeles Clippers,Reg,1610612746,201516,82,3128,6726,7040,52.3,104.1,279.8,3.4,855.5,10.4,104.8,18,87,87,87,94
Los Angeles Lakers,Reg,1610612747,199697,82,3018,6642,6587,49.6,100.6,38.5,0.5,524.7,6.4,99.2,72,54,54,58,33
Los Angeles Lakers,Reg,1610612747,199798,82,3146,6536,6789,51.9,108.6,539.9,6.6,1206.5,14.7,101.8,58,97,97,97,68
Los Angeles Lakers,Reg,1610612747,199899,50,1841,3935,3923,49.9,107.1,259.7,5.2,584.0,11.7,105.0,50,97,97,97,85
Los Angeles Lakers,Reg,1610612747,199900,82,3137,6836,6618,48.4,101.2,80.7,1.0,567.4,6.9,100.8,64,54,54,54,65
Los Angeles Lakers,Reg,1610612747,200001,82,3109,6685,6657,49.8,105.3,335.6,4.1,921.2,11.2,104.0,65,97,93,93,82
Los Angeles Lakers,Reg,1610612747,200102,82,3150,6839,6810,49.8,104.4,284.5,3.5,629.2,7.7,103.6,76,90,90,86,86
Los Angeles Lakers,Reg,1610612747,200203,82,3091,6856,6668,48.6,102.6,170.0,2.1,793.9,9.7,101.8,90,75,76,83,72
Los Angeles Lakers,Reg,1610612747,200304,82,3028,6676,6421,48.1,102.1,130.8,1.6,464.6,5.7,101.4,79,79,79,83,71
Los Angeles Lakers,Reg,1610612747,200405,82,2895,6629,6434,48.5,100.6,39.8,0.5,518.4,6.3,97.6,63,63,63,66,20
Los Angeles Lakers,Reg,1610612747,200506,82,2992,6607,6536,49.5,100.9,60.8,0.7,407.0,5.0,100.4,73,66,66,76,56
Los Angeles Lakers,Reg,1610612747,200607,82,3103,6664,6814,51.1,103.0,198.6,2.4,537.1,6.6,101.4,75,90,90,90,76
Los Angeles Lakers,Reg,1610612747,200708,82,3248,6818,7158,52.5,105.5,375.0,4.6,820.9,10.0,103.1,84,90,90,90,76
Los Angeles Lakers,Reg,1610612747,200809,82,3305,6978,7155,51.3,102.6,180.0,2.2,582.0,7.1,102.5,90,83,87,87,82
Los Angeles Lakers,Reg,1610612747,200910,82,3144,6875,6820,49.6,99.1,-64.6,-0.8,522.5,6.4,99.9,81,52,52,52,48
Los Angeles Lakers,Reg,1610612747,201011,82,3126,6755,6774,50.1,100.6,41.9,0.5,464.7,5.7,101.1,63,66,66,66,69
Los Angeles Lakers,Reg,1610612747,201112,66,2428,5318,5217,49.1,100.7,34.0,0.5,545.6,8.3,102.6,28,59,59,56,73
Los Angeles Lakers,Reg,1610612747,201213,82,3037,6632,6785,51.2,103.0,200.3,2.4,685.7,8.4,101.1,24,73,73,73,69
Los Angeles Lakers,Reg,1610612747,201314,82,3138,6974,7049,50.5,100.9,60.0,0.7,481.2,5.9,100.7,80,59,63,63,51
Los Angeles Lakers,Reg,1610612747,201415,82,3054,7020,6640,47.3,95.4,-322.9,-3.9,235.9,2.9,96.7,73,14,14,14,17
Los Angeles Lakers,Reg,1610612747,201516,82,2876,6947,6387,46.0,91.5,-594.7,-7.3,0.0,0.0,92.9,56,0,1,0,0
Los Angeles Lakers,Reg,1610612747,201617,82,3216,7140,7154,50.1,97.5,-179.9,-2.2,191.4,2.3,97.6,75,32,25,32,28
Los Angeles Lakers,Reg,1610612747,201718,82,3338,7249,7498,51.7,99.3,-56.5,-0.7,324.8,4.0,96.7,97,49,49,52,14
Los Angeles Lakers,Reg,1610612747,201819,82,3491,7426,7829,52.7,100.6,44.6,0.5,558.4,6.8,97.5,75,56,56,56,17
Los Angeles Lakers,Reg,1610612747,201920,71,3006,6270,6794,54.2,102.5,163.0,2.3,559.3,7.9,99.8,35,87,87,87,45
Los Angeles Lakers,Reg,1610612747,202021,72,2925,6197,6646,53.6,99.7,-19.8,-0.3,575.1,8.0,98.2,10,42,42,42,28
Los Angeles Lakers,Reg,1610612747,202122,82,3415,7279,7812,53.7,100.9,71.3,0.9,617.3,7.5,98.5,69,52,52,59,35
Los Angeles Lakers,Reg,1610612747,202223,46,1989,4111,4456,54.2,100.0,0.0,0.0,268.9,5.8,97.7,62,56,56,56,24
Miami Heat,Reg,1610612748,199697,82,2822,6235,6322,50.7,102.8,174.6,2.1,631.0,7.7,102.6,15,75,76,72,76
Miami Heat,Reg,1610612748,199798,82,2850,6327,6248,49.4,103.3,198.7,2.4,844.0,10.3,101.8,15,75,75,76,67
Miami Heat,Reg,1610612748,199899,50,1616,3565,3521,49.4,106.1,201.8,4.0,495.5,9.9,105.4,4,93,93,90,87
Miami Heat,Reg,1610612748,199900,82,2974,6462,6394,49.5,103.5,213.2,2.6,673.3,8.2,103.9,22,93,93,86,87
Miami Heat,Reg,1610612748,200001,82,2694,6258,5866,46.9,99.1,-51.3,-0.6,496.9,6.1,99.3,5,43,43,36,46
Miami Heat,Reg,1610612748,200102,82,2801,6382,5914,46.3,97.1,-176.1,-2.1,145.5,1.8,100.0,11,22,26,22,47
Miami Heat,Reg,1610612748,200203,82,2688,6517,5724,43.9,92.7,-452.3,-5.5,140.8,1.7,94.8,32,4,4,4,8
Miami Heat,Reg,1610612748,200304,82,2729,6417,5943,46.3,98.3,-102.7,-1.3,218.2,2.7,97.4,28,36,36,36,32
Miami Heat,Reg,1610612748,200405,82,3097,6368,6669,52.4,108.6,526.0,6.4,985.8,12.0,108.4,11,97,97,97,97
Miami Heat,Reg,1610612748,200506,82,3039,6355,6575,51.7,105.6,347.0,4.2,680.0,8.3,102.9,38,97,97,97,85
Miami Heat,Reg,1610612748,200607,82,2919,6288,6366,50.6,102.0,123.2,1.5,442.7,5.4,101.0,4,83,83,83,69
Miami Heat,Reg,1610612748,200708,82,2808,6336,6107,48.2,96.9,-196.4,-2.4,218.0,2.7,98.1,4,21,28,21,38
Miami Heat,Reg,1610612748,200809,82,3034,6645,6650,50.0,100.1,8.0,0.1,390.7,4.8,100.9,53,49,49,52,64
Miami Heat,Reg,1610612748,200910,82,2984,6518,6462,49.6,99.0,-65.2,-0.8,491.5,6.0,100.7,18,45,49,42,59
Miami Heat,Reg,1610612748,201011,82,3030,6299,6606,52.4,105.2,328.8,4.0,723.1,8.8,106.1,4,90,90,87,97
Miami Heat,Reg,1610612748,201112,66,2446,5212,5262,50.5,103.6,182.4,2.8,683.8,10.4,104.0,14,83,83,83,88
Miami Heat,Reg,1610612748,201213,82,3148,6346,7013,55.3,111.3,713.3,8.7,1177.8,14.4,109.5,0,100,100,100,100
Miami Heat,Reg,1610612748,201314,82,3142,6272,6949,55.4,110.6,663.6,8.1,1042.4,12.7,107.7,0,100,100,100,100
Miami Heat,Reg,1610612748,201415,82,2885,6330,6326,50.0,100.8,48.1,0.6,552.0,6.7,101.7,0,63,63,56,71
Miami Heat,Reg,1610612748,201516,82,3148,6693,6792,50.7,101.0,65.6,0.8,638.5,7.8,101.8,11,66,66,66,80
Miami Heat,Reg,1610612748,201617,82,3200,7031,7206,51.2,99.8,-16.9,-0.2,348.7,4.3,99.1,56,52,52,52,42
Miami Heat,Reg,1610612748,201718,82,3184,6998,7271,52.0,99.7,-22.4,-0.3,345.7,4.2,98.1,26,56,56,56,25
Miami Heat,Reg,1610612748,201819,82,3251,7223,7430,51.4,98.1,-141.6,-1.7,358.3,4.4,97.5,31,28,32,25,18
Miami Heat,Reg,1610612748,201920,73,2880,6160,6739,54.7,103.4,224.2,3.1,613.5,8.4,102.9,0,94,94,90,87
Miami Heat,Reg,1610612748,202021,72,2824,6030,6580,54.6,101.5,94.1,1.3,672.9,9.3,100.0,0,66,66,59,49
Miami Heat,Reg,1610612748,202122,82,3246,6954,7606,54.7,102.9,211.4,2.6,733.0,8.9,102.9,7,87,83,80,76
Miami Heat,Reg,1610612748,202223,47,1851,4067,4263,52.4,96.7,-145.6,-3.1,120.4,2.6,98.3,32,18,18,18,35
Milwaukee Bucks,Reg,1610612749,199697,82,2967,6303,6258,49.6,100.7,42.9,0.5,504.2,6.1,101.9,22,58,58,54,70
Milwaukee Bucks,Reg,1610612749,199798,82,2918,6399,6085,47.6,99.5,-33.3,-0.4,619.4,7.6,103.9,33,40,40,36,82
Milwaukee Bucks,Reg,1610612749,199899,50,1753,3818,3737,48.9,105.1,182.5,3.7,497.1,9.9,106.9,32,90,90,93,98
Milwaukee Bucks,Reg,1610612749,199900,82,3174,6827,6742,49.4,103.3,213.0,2.6,699.1,8.5,107.2,61,86,90,93,100
Milwaukee Bucks,Reg,1610612749,200001,82,3112,6798,6786,49.9,105.6,357.6,4.4,953.1,11.6,108.5,76,100,100,100,100
Milwaukee Bucks,Reg,1610612749,200102,82,3041,6576,6675,50.8,106.4,399.8,4.9,731.3,8.9,108.2,29,100,97,97,100
Milwaukee Bucks,Reg,1610612749,200203,82,3045,6670,6675,50.0,105.6,353.5,4.3,960.5,11.7,105.3,58,100,100,93,97
Milwaukee Bucks,Reg,1610612749,200304,82,2970,6650,6341,47.7,101.2,75.8,0.9,408.3,5.0,100.9,68,68,68,72,69
Milwaukee Bucks,Reg,1610612749,200405,82,2964,6580,6253,47.5,98.5,-93.4,-1.1,381.6,4.7,99.8,46,38,38,32,57
Milwaukee Bucks,Reg,1610612749,200506,82,2976,6566,6459,49.2,100.4,25.0,0.3,369.0,4.5,98.8,69,56,56,59,49
Milwaukee Bucks,Reg,1610612749,200607,82,3121,6714,6766,50.4,101.5,100.7,1.2,441.8,5.4,99.2,87,76,76,80,40
Milwaukee Bucks,Reg,1610612749,200708,82,3026,6745,6504,48.2,96.9,-206.4,-2.5,234.7,2.9,97.8,65,25,20,25,30
Milwaukee Bucks,Reg,1610612749,200809,82,3009,6754,6529,48.3,96.7,-222.9,-2.7,166.1,2.0,98.3,76,18,14,18,34
Milwaukee Bucks,Reg,1610612749,200910,82,3048,6992,6739,48.2,96.2,-262.9,-3.2,334.2,4.1,97.1,97,18,14,18,14
Milwaukee Bucks,Reg,1610612749,201011,82,2814,6543,6111,46.7,93.7,-409.6,-5.0,0.0,0.0,94.8,25,0,0,0,4
Milwaukee Bucks,Reg,1610612749,201112,66,2496,5645,5422,48.0,98.5,-80.2,-1.2,462.9,7.0,98.1,97,42,42,45,25
Milwaukee Bucks,Reg,1610612749,201213,82,3128,7196,6857,47.6,96.0,-287.8,-3.5,238.9,2.9,95.1,100,21,18,21,7
Milwaukee Bucks,Reg,1610612749,201314,82,2952,6735,6452,47.9,95.6,-297.7,-3.6,109.1,1.3,95.6,36,14,14,14,10
Milwaukee Bucks,Reg,1610612749,201415,82,3083,6722,6711,49.9,100.7,44.4,0.5,579.4,7.1,99.9,14,59,59,59,52
Milwaukee Bucks,Reg,1610612749,201516,82,3142,6726,6721,50.0,99.4,-39.0,-0.5,536.7,6.5,98.6,18,45,45,42,32
Milwaukee Bucks,Reg,1610612749,201617,82,3175,6701,7063,52.7,102.6,179.6,2.2,528.0,6.4,99.9,4,80,80,80,46
Milwaukee Bucks,Reg,1610612749,201718,82,3257,6809,7232,53.1,101.9,136.2,1.7,494.3,6.0,101.4,8,76,76,76,66
Milwaukee Bucks,Reg,1610612749,201819,82,3555,7475,8215,55.0,104.8,379.7,4.6,897.0,10.9,100.8,83,97,97,97,70
Milwaukee Bucks,Reg,1610612749,201920,73,3160,6640,7327,55.2,104.3,304.1,4.2,723.8,9.9,103.3,89,100,100,100,91
Milwaukee Bucks,Reg,1610612749,202021,72,3221,6611,7480,56.6,105.2,368.9,5.1,1003.5,13.9,105.1,100,97,97,97,90
Milwaukee Bucks,Reg,1610612749,202122,82,3429,7331,8011,54.6,102.8,215.5,2.6,765.4,9.3,102.6,76,83,87,87,74
Milwaukee Bucks,Reg,1610612749,202223,45,1839,4035,4308,53.4,98.5,-66.2,-1.5,197.7,4.4,97.5,68,35,35,35,21
Minnesota Timberwolves,Reg,1610612750,199697,82,2937,6436,6245,48.5,98.4,-100.4,-1.2,370.7,4.5,99.6,40,36,36,33,39
Minnesota Timberwolves,Reg,1610612750,199798,82,3157,6844,6617,48.3,101.1,72.5,0.9,770.6,9.4,104.4,89,68,68,68,87
Minnesota Timberwolves,Reg,1610612750,199899,50,1838,4327,3798,43.9,94.3,-230.2,-4.6,126.3,2.5,99.7,100,15,11,18,43
Minnesota Timberwolves,Reg,1610612750,199900,82,3226,6910,6700,48.5,101.4,91.2,1.1,583.2,7.1,107.2,79,58,58,61,100
Minnesota Timberwolves,Reg,1610612750,200001,82,3148,6871,6618,48.2,101.9,120.9,1.5,722.8,8.8,105.5,79,68,68,68,96
Minnesota Timberwolves,Reg,1610612750,200102,82,3175,6887,6746,49.0,102.7,174.9,2.1,522.0,6.4,106.2,82,72,72,75,97
Minnesota Timberwolves,Reg,1610612750,200203,82,3172,6809,6640,48.8,102.9,186.6,2.3,806.2,9.8,107.9,86,83,83,86,100
Minnesota Timberwolves,Reg,1610612750,200304,82,3033,6571,6392,48.6,103.2,201.1,2.5,529.6,6.5,110.1,55,90,90,90,100
Minnesota Timberwolves,Reg,1610612750,200405,82,3045,6629,6485,48.9,101.4,90.2,1.1,568.8,6.9,106.3,63,69,73,73,94
Minnesota Timberwolves,Reg,1610612750,200506,82,2888,6340,6086,48.0,98.0,-126.8,-1.5,205.4,2.5,100.9,35,25,25,21,62
Minnesota Timberwolves,Reg,1610612750,200607,82,2997,6502,6378,49.1,98.8,-76.7,-0.9,253.6,3.1,104.2,49,35,35,35,95
Minnesota Timberwolves,Reg,1610612750,200708,82,3076,6817,6593,48.4,97.2,-188.1,-2.3,257.7,3.1,98.5,83,35,32,35,48
Minnesota Timberwolves,Reg,1610612750,200809,82,2986,6766,6515,48.2,96.3,-247.6,-3.0,142.1,1.7,95.3,80,11,11,11,4
Minnesota Timberwolves,Reg,1610612750,200910,82,3106,6923,6615,47.8,95.4,-317.1,-3.9,274.2,3.3,97.6,94,11,11,11,24
Minnesota Timberwolves,Reg,1610612750,201011,82,3090,7014,6769,48.3,96.8,-221.6,-2.7,217.4,2.7,99.0,97,21,18,21,39
Minnesota Timberwolves,Reg,1610612750,201112,66,2355,5433,5183,47.7,97.9,-111.9,-1.7,410.7,6.2,95.8,66,35,35,35,11
Minnesota Timberwolves,Reg,1610612750,201213,82,2943,6702,6336,47.3,95.2,-317.7,-3.9,172.9,2.1,94.6,60,11,14,11,4
Minnesota Timberwolves,Reg,1610612750,201314,82,3188,7173,6975,48.6,97.0,-213.8,-2.6,219.5,2.7,95.2,100,32,32,35,7
Minnesota Timberwolves,Reg,1610612750,201415,82,2985,6819,6375,46.7,94.3,-388.7,-4.7,154.1,1.9,96.4,48,7,7,7,15
Minnesota Timberwolves,Reg,1610612750,201516,82,3094,6666,6642,49.8,99.1,-57.3,-0.7,513.3,6.3,100.7,7,42,42,35,69
Minnesota Timberwolves,Reg,1610612750,201617,82,3235,6922,7071,51.1,99.5,-38.8,-0.5,321.2,3.9,100.6,35,49,49,49,62
Minnesota Timberwolves,Reg,1610612750,201718,82,3365,7064,7388,52.3,100.3,25.4,0.3,397.0,4.8,103.2,53,59,59,59,90
Minnesota Timberwolves,Reg,1610612750,201819,82,3413,7488,7653,51.1,97.5,-196.2,-2.4,322.0,3.9,98.7,87,18,18,18,40
Minnesota Timberwolves,Reg,1610612750,201920,64,2586,5865,6025,51.4,97.1,-178.3,-2.8,192.4,3.0,95.4,100,14,14,14,14
Minnesota Timberwolves,Reg,1610612750,202021,72,2932,6546,6808,52.0,96.7,-233.0,-3.2,395.4,5.5,94.3,87,18,14,18,15
Minnesota Timberwolves,Reg,1610612750,202122,82,3411,7458,8033,53.9,101.3,101.4,1.2,660.8,8.1,99.2,87,63,63,66,40
Minnesota Timberwolves,Reg,1610612750,202223,47,2005,4064,4546,55.9,103.2,140.6,3.0,406.4,8.6,101.2,28,80,80,83,63
Brooklyn Nets,Reg,1610612751,201314,82,2930,6390,6568,51.4,102.6,163.6,2.0,549.5,6.7,102.9,4,69,69,69,80
Brooklyn Nets,Reg,1610612751,201415,82,3069,6804,6679,49.1,99.0,-69.4,-0.8,472.2,5.8,101.2,44,42,42,42,62
Brooklyn Nets,Reg,1610612751,201516,82,3135,6918,6800,49.2,97.8,-152.2,-1.9,440.0,5.4,99.9,45,28,32,28,49
Brooklyn Nets,Reg,1610612751,201617,82,3101,6985,7078,50.7,98.7,-96.4,-1.2,266.8,3.3,96.2,48,45,45,45,9
Brooklyn Nets,Reg,1610612751,201718,82,3136,7115,7313,51.4,98.6,-102.5,-1.2,271.8,3.3,96.6,68,42,45,42,11
Brooklyn Nets,Reg,1610612751,201819,82,3302,7360,7651,52.0,99.2,-63.3,-0.8,446.0,5.4,97.7,55,42,42,42,28
Brooklyn Nets,Reg,1610612751,201920,72,2908,6498,6757,52.0,98.3,-115.7,-1.6,295.0,4.1,95.2,69,25,25,25,11
Brooklyn Nets,Reg,1610612751,202021,72,3106,6290,7232,57.5,106.9,466.7,6.5,1070.6,14.9,106.3,30,100,100,100,97
Brooklyn Nets,Reg,1610612751,202122,82,3442,7251,7824,54.0,101.5,113.1,1.4,656.9,8.0,103.7,63,66,66,63,86
Brooklyn Nets,Reg,1610612751,202223,45,1919,3783,4382,57.9,106.9,281.5,6.3,528.9,11.8,109.8,4,97,97,97,100
New Jersey Nets,Reg,1610612751,199697,82,2994,7091,6472,45.6,92.6,-519.1,-6.3,0.0,0.0,92.5,100,0,0,0,0
New Jersey Nets,Reg,1610612751,199798,82,3055,6928,6420,46.3,96.9,-205.1,-2.5,501.6,6.1,97.2,97,22,22,26,23
New Jersey Nets,Reg,1610612751,199899,50,1691,4160,3607,43.4,93.1,-266.2,-5.3,76.5,1.5,91.9,86,4,4,4,3
New Jersey Nets,Reg,1610612751,199900,82,2979,6881,6435,46.8,97.8,-145.9,-1.8,344.1,4.2,96.1,76,22,22,26,14
New Jersey Nets,Reg,1610612751,200001,82,2781,6550,5923,45.2,95.6,-271.2,-3.3,302.6,3.7,94.5,54,8,11,8,5
New Jersey Nets,Reg,1610612751,200102,82,3042,6816,6487,47.6,99.7,-16.4,-0.2,327.2,4.0,97.9,72,54,54,58,34
New Jersey Nets,Reg,1610612751,200203,82,2906,6585,6158,46.8,98.7,-83.0,-1.0,516.3,6.3,96.6,40,29,29,29,14
New Jersey Nets,Reg,1610612751,200304,82,2813,6372,6003,47.1,100.0,-1.3,0.0,317.3,3.9,99.6,22,47,47,51,47
New Jersey Nets,Reg,1610612751,200405,82,2753,6419,5941,46.3,96.0,-250.3,-3.1,213.1,2.6,97.9,18,7,7,7,25
New Jersey Nets,Reg,1610612751,200506,82,2778,6317,6033,47.8,97.4,-157.9,-1.9,173.1,2.1,99.0,26,18,18,18,49
New Jersey Nets,Reg,1610612751,200607,82,2913,6379,6435,50.4,101.6,102.1,1.2,426.1,5.2,99.9,21,80,80,73,51
New Jersey Nets,Reg,1610612751,200708,82,2856,6450,6210,48.1,96.8,-206.4,-2.5,215.4,2.6,95.6,16,18,19,18,7
New Jersey Nets,Reg,1610612751,200809,82,2924,6535,6499,49.7,99.5,-34.0,-0.4,342.4,4.2,97.9,38,45,45,42,23
New Jersey Nets,Reg,1610612751,200910,82,2813,6554,6003,45.8,91.5,-559.7,-6.8,0.0,0.0,92.4,21,0,1,0,0
New Jersey Nets,Reg,1610612751,201011,82,2918,6638,6295,47.4,95.2,-320.0,-3.9,95.6,1.2,98.3,51,11,11,11,29
New Jersey Nets,Reg,1610612751,201112,66,2262,5320,5031,47.3,97.0,-154.3,-2.3,357.5,5.4,98.1,32,18,21,11,25
New Jersey Nets,Reg,1610612751,201213,82,2942,6541,6512,49.8,100.3,18.3,0.2,497.1,6.1,100.3,10,56,56,56,63
New York Knicks,Reg,1610612752,199697,82,2882,6227,6234,50.1,101.5,94.7,1.2,550.5,6.7,101.7,13,65,65,65,66
New York Knicks,Reg,1610612752,199798,82,2864,6413,6110,47.6,99.6,-21.8,-0.3,632.3,7.7,100.1,43,50,50,51,53
New York Knicks,Reg,1610612752,199899,50,1610,3704,3428,46.3,99.4,-20.7,-0.4,284.5,5.7,101.4,11,43,43,47,61
New York Knicks,Reg,1610612752,199900,82,2897,6374,6145,48.2,100.8,48.4,0.6,502.3,6.1,103.8,5,50,50,50,87
New York Knicks,Reg,1610612752,200001,82,2755,6198,5901,47.6,100.7,39.7,0.5,582.6,7.1,101.2,0,65,65,58,71
New York Knicks,Reg,1610612752,200102,82,2817,6520,6108,46.8,98.2,-113.4,-1.4,215.2,2.6,100.6,22,36,36,36,58
New York Knicks,Reg,1610612752,200203,82,2967,6725,6540,48.6,102.6,165.4,2.0,777.4,9.5,105.2,69,72,72,72,93
New York Knicks,Reg,1610612752,200304,82,2881,6513,6168,47.4,100.5,31.3,0.4,356.9,4.4,103.3,44,58,58,58,86
New York Knicks,Reg,1610612752,200405,82,2978,6599,6397,48.5,100.5,31.7,0.4,508.1,6.2,101.3,51,59,59,59,73
New York Knicks,Reg,1610612752,200506,82,2822,6205,5964,48.1,98.1,-116.7,-1.4,208.5,2.5,96.6,7,28,28,25,14
New York Knicks,Reg,1610612752,200607,82,2903,6356,6280,49.4,99.5,-30.5,-0.4,292.4,3.6,95.6,15,49,49,45,3
New York Knicks,Reg,1610612752,200708,82,2967,6757,6424,47.5,95.6,-297.3,-3.6,144.6,1.8,94.9,69,11,11,11,3
New York Knicks,Reg,1610612752,200809,82,3157,7091,7137,50.3,100.7,48.2,0.6,456.7,5.6,96.6,100,63,63,73,10
New York Knicks,Reg,1610612752,200910,82,3127,6876,6997,50.9,101.6,111.4,1.4,698.6,8.5,99.5,82,73,73,73,45
New York Knicks,Reg,1610612752,201011,82,3140,6865,7045,51.3,103.0,203.2,2.5,633.0,7.7,100.4,83,76,76,76,55
New York Knicks,Reg,1610612752,201112,66,2365,5335,5247,49.2,100.9,48.0,0.7,561.2,8.5,97.2,36,63,63,63,21
New York Knicks,Reg,1610612752,201213,82,2996,6689,6883,51.5,103.6,242.1,3.0,731.8,8.9,102.5,48,76,76,76,73
New York Knicks,Reg,1610612752,201314,82,3027,6739,6813,50.6,100.9,59.3,0.7,466.3,5.7,101.8,38,63,59,59,71
New York Knicks,Reg,1610612752,201415,82,2882,6726,6324,47.0,94.8,-347.1,-4.2,188.3,2.3,98.5,18,11,11,11,29
New York Knicks,Reg,1610612752,201516,82,3021,6882,6651,48.3,96.2,-265.6,-3.2,323.5,3.9,99.5,36,7,7,7,39
New York Knicks,Reg,1610612752,201617,82,3243,7254,7189,49.6,96.5,-262.6,-3.2,114.6,1.4,98.2,93,18,18,18,32
New York Knicks,Reg,1610612752,201718,82,3334,7195,7341,51.0,97.9,-158.3,-1.9,220.2,2.7,100.5,87,21,21,21,63
New York Knicks,Reg,1610612752,201819,82,3134,7243,7091,49.0,93.4,-501.2,-6.1,0.0,0.0,93.6,43,0,1,0,0
New York Knicks,Reg,1610612752,201920,66,2638,5896,5907,50.1,94.7,-329.0,-5.0,43.6,0.7,95.0,60,4,4,4,7
New York Knicks,Reg,1610612752,202021,72,2839,6229,6525,52.4,97.4,-174.4,-2.4,423.6,5.9,98.2,15,25,25,25,32
New York Knicks,Reg,1610612752,202122,82,3088,7069,7258,51.3,96.6,-258.7,-3.2,271.4,3.3,95.5,21,14,14,14,11
New York Knicks,Reg,1610612752,202223,47,1938,4249,4429,52.1,96.2,-176.8,-3.8,101.1,2.2,95.8,83,14,14,14,11
Orlando Magic,Reg,1610612753,199697,82,2839,6497,6245,48.1,97.5,-161.1,-2.0,314.5,3.8,96.5,58,22,22,22,20
Orlando Magic,Reg,1610612753,199798,82,2771,6455,5835,45.2,94.5,-337.0,-4.1,321.5,3.9,94.5,48,8,8,8,7
Orlando Magic,Reg,1610612753,199899,50,1687,3943,3597,45.6,98.0,-74.1,-1.5,250.8,5.0,97.2,56,33,33,33,26
Orlando Magic,Reg,1610612753,199900,82,3169,7014,6632,47.3,98.9,-75.8,-0.9,423.6,5.2,99.1,90,29,29,33,37
Orlando Magic,Reg,1610612753,200001,82,3013,6873,6516,47.4,100.3,16.5,0.2,618.6,7.5,99.1,83,58,58,65,41
Orlando Magic,Reg,1610612753,200102,82,3086,6891,6791,49.3,103.3,215.0,2.6,562.3,6.9,100.6,86,79,79,83,60
Orlando Magic,Reg,1610612753,200203,82,2947,6763,6462,47.8,100.8,51.4,0.6,666.8,8.1,99.7,79,65,65,65,49
Orlando Magic,Reg,1610612753,200304,82,2904,6768,6237,46.1,97.8,-139.4,-1.7,199.0,2.4,100.4,97,29,29,33,59
Orlando Magic,Reg,1610612753,200405,82,3034,6679,6388,47.8,99.1,-54.8,-0.7,427.5,5.2,100.0,71,49,49,49,60
Orlando Magic,Reg,1610612753,200506,82,2911,6167,6121,49.6,101.3,77.7,0.9,400.9,4.9,101.6,4,73,73,73,69
Orlando Magic,Reg,1610612753,200607,82,2875,6090,6092,50.0,100.8,46.3,0.6,355.7,4.3,99.5,0,59,59,52,48
Orlando Magic,Reg,1610612753,200708,82,3058,6446,6917,53.7,107.9,504.1,6.1,925.6,11.3,103.3,15,97,97,97,78
Orlando Magic,Reg,1610612753,200809,82,2929,6416,6675,52.0,104.1,261.8,3.2,631.3,7.7,101.4,15,94,94,94,73
Orlando Magic,Reg,1610612753,200910,82,3005,6394,6851,53.6,107.0,447.6,5.5,993.6,12.1,104.0,10,97,97,97,93
Orlando Magic,Reg,1610612753,201011,82,2956,6409,6682,52.1,104.6,294.8,3.6,696.0,8.5,103.0,11,83,83,83,77
Orlando Magic,Reg,1610612753,201112,66,2275,5162,5220,50.6,103.8,188.9,2.9,685.5,10.4,99.6,11,90,87,87,49
Orlando Magic,Reg,1610612753,201213,82,3093,6904,6692,48.5,97.6,-162.9,-2.0,342.4,4.2,99.0,83,35,35,35,45
Orlando Magic,Reg,1610612753,201314,82,3021,6782,6604,48.7,97.2,-192.6,-2.3,217.0,2.6,98.9,56,35,35,32,41
Orlando Magic,Reg,1610612753,201415,82,3076,6792,6706,49.4,99.6,-29.9,-0.4,510.8,6.2,99.5,39,49,49,52,48
Orlando Magic,Reg,1610612753,201516,82,3242,7117,7120,50.0,99.5,-32.7,-0.4,576.5,7.0,100.7,90,49,49,52,71
Orlando Magic,Reg,1610612753,201617,82,3138,7131,6976,48.9,95.2,-349.4,-4.3,21.4,0.3,97.0,68,4,4,4,24
Orlando Magic,Reg,1610612753,201718,82,3182,7042,7208,51.2,98.2,-131.0,-1.6,239.4,2.9,99.3,42,32,32,32,42
Orlando Magic,Reg,1610612753,201819,82,3316,7307,7569,51.8,98.8,-90.6,-1.1,415.0,5.1,100.4,52,35,35,38,58
Orlando Magic,Reg,1610612753,201920,73,2871,6468,6549,50.6,95.7,-291.1,-4.0,117.7,1.6,98.0,45,11,11,11,28
Orlando Magic,Reg,1610612753,202021,72,2754,6423,6292,49.0,91.1,-616.6,-8.6,0.0,0.0,93.8,76,0,0,0,9
Orlando Magic,Reg,1610612753,202122,82,3139,7240,7277,50.3,94.5,-421.4,-5.1,121.6,1.5,93.7,56,7,7,7,4
Orlando Magic,Reg,1610612753,202223,45,1798,3822,4082,53.4,98.5,-61.2,-1.4,188.8,4.2,98.7,18,38,38,21,45
Indiana Pacers,Reg,1610612754,199697,82,2851,6254,6132,49.0,99.4,-35.0,-0.4,422.8,5.2,100.8,18,43,43,43,54
Indiana Pacers,Reg,1610612754,199798,82,2921,6223,6243,50.2,104.9,292.5,3.6,927.2,11.3,107.1,11,90,90,86,100
Indiana Pacers,Reg,1610612754,199899,50,1731,3866,3756,48.6,104.4,157.0,3.1,475.5,9.5,107.5,44,86,86,86,100
Indiana Pacers,Reg,1610612754,199900,82,3047,6640,6677,50.3,105.1,326.7,4.0,799.5,9.7,106.6,32,100,100,100,95
Indiana Pacers,Reg,1610612754,200001,82,2828,6431,6052,47.1,99.5,-29.6,-0.4,533.8,6.5,101.1,22,50,51,43,68
Indiana Pacers,Reg,1610612754,200102,82,2935,6580,6275,47.7,99.9,-3.9,0.0,327.7,4.0,101.3,38,61,61,61,69
Indiana Pacers,Reg,1610612754,200203,82,2911,6608,6201,46.9,99.0,-62.1,-0.8,539.2,6.6,98.7,46,33,33,33,29
Indiana Pacers,Reg,1610612754,200304,82,2753,6322,5955,47.1,100.0,-1.3,0.0,314.8,3.8,99.6,15,47,50,47,48
Indiana Pacers,Reg,1610612754,200405,82,2668,6169,5878,47.6,98.8,-72.8,-0.9,372.6,4.5,98.3,1,42,42,28,37
Indiana Pacers,Reg,1610612754,200506,82,2786,6274,6108,48.7,99.3,-40.2,-0.5,288.6,3.5,98.6,21,38,38,35,42
Indiana Pacers,Reg,1610612754,200607,82,2872,6561,6225,47.4,95.6,-288.7,-3.5,44.6,0.5,97.9,63,4,4,4,22
Indiana Pacers,Reg,1610612754,200708,82,3102,6993,6959,49.8,100.0,2.8,0.0,460.1,5.6,99.3,90,56,56,56,55
Indiana Pacers,Reg,1610612754,200809,82,3220,7080,7092,50.1,100.2,14.2,0.2,422.0,5.1,100.2,98,52,56,59,55
Indiana Pacers,Reg,1610612754,200910,82,3019,6821,6696,49.1,98.0,-135.1,-1.6,447.5,5.5,97.8,66,25,28,28,31
Indiana Pacers,Reg,1610612754,201011,82,3003,6786,6591,48.6,97.5,-172.4,-2.1,252.4,3.1,97.7,72,25,25,25,24
Indiana Pacers,Reg,1610612754,201112,66,2354,5374,5100,47.5,97.4,-137.6,-2.1,379.4,5.7,99.1,49,25,25,32,36
Indiana Pacers,Reg,1610612754,201213,81,2845,6524,6245,47.9,96.4,-232.3,-2.9,245.3,3.0,97.1,19,28,28,28,18
Indiana Pacers,Reg,1610612754,201314,82,2949,6572,6448,49.1,97.9,-138.0,-1.7,258.9,3.2,100.3,9,38,38,38,45
Indiana Pacers,Reg,1610612754,201415,82,2998,6824,6608,48.4,97.6,-159.7,-1.9,383.5,4.7,100.1,53,25,25,25,55
Indiana Pacers,Reg,1610612754,201516,82,3135,6970,6926,49.7,98.9,-79.5,-1.0,517.2,6.3,99.7,59,35,35,38,45
Indiana Pacers,Reg,1610612754,201617,82,3211,6918,7121,51.5,100.2,15.2,0.2,375.0,4.6,102.7,30,56,56,59,80
Indiana Pacers,Reg,1610612754,201718,82,3345,7083,7431,52.5,100.7,49.6,0.6,422.1,5.1,102.1,55,63,63,66,79
Indiana Pacers,Reg,1610612754,201819,82,3390,7141,7559,52.9,101.0,74.3,0.9,568.4,6.9,102.2,11,69,66,63,87
Indiana Pacers,Reg,1610612754,201920,73,3075,6457,6893,53.4,100.9,64.6,0.9,472.7,6.5,102.6,40,63,63,59,79
Indiana Pacers,Reg,1610612754,202021,72,3115,6567,7119,54.2,100.8,55.2,0.8,685.6,9.5,98.8,94,59,59,66,35
Indiana Pacers,Reg,1610612754,202122,82,3398,7338,7793,53.1,99.9,-10.3,-0.1,540.1,6.6,98.5,79,35,35,38,31
Indiana Pacers,Reg,1610612754,202223,47,1931,4211,4520,53.7,99.0,-44.6,-0.9,230.8,4.9,98.2,66,45,45,49,33
Philadelphia 76ers,Reg,1610612755,199697,82,3003,6850,6439,47.0,95.3,-315.1,-3.8,186.3,2.3,94.0,90,8,4,8,6
Philadelphia 76ers,Reg,1610612755,199798,82,2837,6409,5917,46.2,96.5,-211.5,-2.6,442.2,5.4,96.6,35,15,18,15,19
Philadelphia 76ers,Reg,1610612755,199899,50,1656,3883,3410,43.9,94.3,-205.0,-4.1,114.9,2.3,94.6,47,18,18,15,12
Philadelphia 76ers,Reg,1610612755,199900,82,2993,6776,6194,45.7,95.6,-285.9,-3.5,196.5,2.4,94.9,54,8,8,8,8
Philadelphia 76ers,Reg,1610612755,200001,82,2902,6487,6066,46.8,98.9,-67.5,-0.8,500.8,6.1,98.6,37,36,40,40,31
Philadelphia 76ers,Reg,1610612755,200102,82,2804,6436,5822,45.2,94.8,-319.2,-3.9,5.1,0.1,96.1,15,4,4,4,12
Philadelphia 76ers,Reg,1610612755,200203,82,2975,6640,6195,46.7,98.4,-98.3,-1.2,506.0,6.2,97.8,50,22,22,26,26
Philadelphia 76ers,Reg,1610612755,200304,82,2682,6260,5703,45.6,96.7,-195.3,-2.4,117.7,1.4,96.6,8,18,18,18,15
Philadelphia 76ers,Reg,1610612755,200405,82,2946,6736,6397,47.5,98.4,-101.0,-1.2,385.3,4.7,96.7,83,35,35,38,7
Philadelphia 76ers,Reg,1610612755,200506,82,3001,6546,6377,48.7,99.4,-38.0,-0.5,305.0,3.7,99.8,63,45,45,45,52
Philadelphia 76ers,Reg,1610612755,200607,82,2932,6408,6148,48.0,96.6,-214.0,-2.6,111.5,1.4,98.5,28,14,18,14,35
Philadelphia 76ers,Reg,1610612755,200708,82,3056,6648,6414,48.2,97.0,-199.4,-2.4,235.3,2.9,97.9,45,28,25,28,36
Philadelphia 76ers,Reg,1610612755,200809,82,2997,6531,6335,48.5,97.0,-193.3,-2.4,182.9,2.2,96.7,37,21,21,21,13
Philadelphia 76ers,Reg,1610612755,200910,82,3087,6706,6648,49.6,99.0,-67.1,-0.8,505.6,6.2,99.9,52,45,45,49,49
Philadelphia 76ers,Reg,1610612755,201011,82,3125,6775,6693,49.4,99.1,-59.6,-0.7,364.5,4.4,101.1,70,42,42,42,65
Philadelphia 76ers,Reg,1610612755,201112,66,2471,5516,5291,48.0,98.4,-84.9,-1.3,445.7,6.8,102.7,87,38,38,38,79
Philadelphia 76ers,Reg,1610612755,201213,82,3059,6894,6636,48.1,97.0,-208.2,-2.5,296.4,3.6,99.2,79,32,32,32,49
Philadelphia 76ers,Reg,1610612755,201314,82,3108,7148,6793,47.5,94.8,-370.3,-4.5,61.5,0.7,92.8,97,4,4,4,0
Philadelphia 76ers,Reg,1610612755,201415,82,2765,6776,6222,45.9,92.6,-498.7,-6.1,40.7,0.5,88.9,29,4,4,4,0
Philadelphia 76ers,Reg,1610612755,201516,82,2970,6885,6704,48.7,96.9,-214.8,-2.6,374.5,4.6,94.3,37,14,14,11,4
Philadelphia 76ers,Reg,1610612755,201617,82,3082,6977,6989,50.1,97.5,-177.2,-2.2,185.6,2.3,95.1,42,25,32,25,0
Philadelphia 76ers,Reg,1610612755,201718,82,3349,7101,7599,53.5,102.7,198.8,2.4,572.3,7.0,102.0,59,80,80,80,74
Philadelphia 76ers,Reg,1610612755,201819,82,3408,7237,7705,53.2,101.6,118.7,1.4,619.5,7.6,101.8,34,76,76,76,83
Philadelphia 76ers,Reg,1610612755,201920,73,3000,6417,6848,53.4,100.9,61.6,0.8,467.2,6.4,102.0,21,59,59,56,66
Philadelphia 76ers,Reg,1610612755,202021,72,2982,6260,6776,54.1,100.6,42.6,0.6,643.5,8.9,102.6,22,56,56,52,77
Philadelphia 76ers,Reg,1610612755,202122,82,3230,6932,7410,53.5,100.5,38.8,0.5,558.7,6.8,101.1,2,49,49,45,55
Philadelphia 76ers,Reg,1610612755,202223,45,1829,3805,4228,55.6,102.5,103.5,2.3,352.3,7.8,102.5,14,76,76,76,78
Phoenix Suns,Reg,1610612756,199697,82,3143,6705,6813,50.8,103.1,202.5,2.5,693.3,8.5,103.3,85,79,79,86,82
Phoenix Suns,Reg,1610612756,199798,82,3138,6710,6707,50.0,104.5,291.2,3.6,975.6,11.9,104.7,72,86,86,90,89
Phoenix Suns,Reg,1610612756,199899,50,1797,4004,3855,48.1,103.4,127.3,2.5,457.3,9.1,103.9,75,75,76,79,81
Phoenix Suns,Reg,1610612756,199900,82,3093,6771,6644,49.1,102.6,167.9,2.0,650.0,7.9,100.5,50,79,76,76,57
Phoenix Suns,Reg,1610612756,200001,82,2944,6757,6220,46.0,97.4,-168.9,-2.1,423.0,5.2,98.9,72,25,26,29,36
Phoenix Suns,Reg,1610612756,200102,82,3097,6934,6552,47.3,99.0,-63.8,-0.8,285.7,3.5,98.4,92,47,44,47,43
Phoenix Suns,Reg,1610612756,200203,82,3005,6776,6404,47.3,99.7,-17.6,-0.2,599.0,7.3,98.7,83,50,50,54,29
Phoenix Suns,Reg,1610612756,200304,82,2958,6671,6331,47.5,100.7,45.4,0.6,378.9,4.6,99.5,75,61,65,65,46
Phoenix Suns,Reg,1610612756,200405,82,3351,7018,7498,53.4,110.8,728.5,8.9,1235.2,15.1,109.2,97,100,100,100,100
Phoenix Suns,Reg,1610612756,200506,82,3430,7167,7697,53.7,109.6,673.7,8.2,1049.2,12.8,108.7,100,100,100,100,100
Phoenix Suns,Reg,1610612756,200607,82,3388,6855,7561,55.2,111.1,755.4,9.2,1103.7,13.5,108.4,97,100,100,100,100
Phoenix Suns,Reg,1610612756,200708,82,3392,6782,7478,55.1,110.8,731.1,8.9,1174.6,14.3,109.2,73,100,100,100,100
Phoenix Suns,Reg,1610612756,200809,82,3372,6694,7296,54.5,109.0,605.1,7.4,990.7,12.1,106.7,70,100,100,100,100
Phoenix Suns,Reg,1610612756,200910,82,3339,6788,7408,54.6,109.0,610.9,7.5,1190.6,14.5,108.3,59,100,100,100,100
Phoenix Suns,Reg,1610612756,201011,82,3219,6844,7139,52.2,104.7,318.9,3.9,747.4,9.1,103.9,80,87,87,94,88
Phoenix Suns,Reg,1610612756,201112,66,2495,5445,5434,49.9,102.4,127.4,1.9,651.2,9.9,104.0,69,73,73,73,87
Phoenix Suns,Reg,1610612756,201213,82,3061,6917,6602,47.7,96.1,-265.6,-3.2,240.7,2.9,97.7,93,25,25,25,30
Phoenix Suns,Reg,1610612756,201314,82,3171,6843,7106,51.9,103.6,247.7,3.0,661.0,8.1,102.1,59,80,80,80,73
Phoenix Suns,Reg,1610612756,201415,82,3178,7038,7054,50.1,101.0,73.2,0.9,633.4,7.7,100.4,84,69,69,69,58
Phoenix Suns,Reg,1610612756,201516,82,3050,7013,6837,48.8,97.0,-210.4,-2.6,389.9,4.8,95.7,66,18,18,18,7
Phoenix Suns,Reg,1610612756,201617,82,3270,7259,7155,49.3,96.0,-302.0,-3.7,75.5,0.9,96.7,97,14,14,14,19
Phoenix Suns,Reg,1610612756,201718,82,3153,7144,7069,49.5,95.0,-375.8,-4.6,0.0,0.0,94.0,80,0,0,0,0
Phoenix Suns,Reg,1610612756,201819,82,3289,7164,7368,51.4,98.1,-141.8,-1.7,353.9,4.3,99.1,14,25,28,21,45
Phoenix Suns,Reg,1610612756,201920,73,3006,6429,6843,53.2,100.6,43.7,0.6,450.0,6.2,100.9,27,52,52,52,56
Phoenix Suns,Reg,1610612756,202021,72,3118,6358,7176,56.4,104.9,337.0,4.7,947.3,13.2,107.8,49,90,94,94,100
Phoenix Suns,Reg,1610612756,202122,82,3581,7389,8113,54.9,103.3,255.7,3.1,809.8,9.9,107.5,83,90,90,90,100
Phoenix Suns,Reg,1610612756,202223,46,1912,4124,4413,53.5,98.7,-57.7,-1.3,212.0,4.6,101.1,68,42,42,42,59
Portland Trail Blazers,Reg,1610612757,199697,82,3000,6465,6501,50.3,102.0,126.7,1.5,600.0,7.3,101.8,51,68,68,68,66
Portland Trail Blazers,Reg,1610612757,199798,82,2885,6397,6094,47.6,99.6,-23.0,-0.3,629.5,7.7,99.1,33,47,47,43,36
Portland Trail Blazers,Reg,1610612757,199899,50,1747,3956,3740,47.3,101.5,57.0,1.1,382.9,7.7,101.4,61,58,58,58,61
Portland Trail Blazers,Reg,1610612757,199900,82,3021,6430,6449,50.2,104.9,299.6,3.7,757.5,9.2,103.2,15,97,97,97,75
Portland Trail Blazers,Reg,1610612757,200001,82,3004,6417,6377,49.7,105.1,309.3,3.8,871.4,10.6,104.2,17,90,90,90,83
Portland Trail Blazers,Reg,1610612757,200102,82,3004,6671,6474,48.5,101.7,108.1,1.3,444.3,5.4,100.0,56,68,68,68,47
Portland Trail Blazers,Reg,1610612757,200203,82,2987,6491,6353,48.9,103.3,201.2,2.5,791.9,9.7,101.5,24,86,86,79,64
Portland Trail Blazers,Reg,1610612757,200304,82,2898,6467,6177,47.8,101.4,84.1,1.0,407.4,5.0,101.9,36,72,72,68,79
Portland Trail Blazers,Reg,1610612757,200405,82,2896,6422,6212,48.4,100.3,16.7,0.2,480.4,5.9,98.3,28,56,56,52,36
Portland Trail Blazers,Reg,1610612757,200506,82,2791,6267,5946,47.4,96.8,-195.5,-2.4,132.9,1.6,98.4,19,14,14,14,35
Portland Trail Blazers,Reg,1610612757,200607,82,2874,6392,6174,48.3,97.3,-172.6,-2.1,152.1,1.9,98.1,24,25,25,25,26
Portland Trail Blazers,Reg,1610612757,200708,82,2935,6546,6408,49.0,98.4,-103.4,-1.3,324.7,4.0,103.3,26,42,42,42,80
Portland Trail Blazers,Reg,1610612757,200809,82,3018,6494,6632,51.1,102.2,140.3,1.7,514.3,6.3,102.3,25,76,76,76,79
Portland Trail Blazers,Reg,1610612757,200910,82,2974,6453,6439,49.9,99.6,-23.2,-0.3,527.9,6.4,101.0,14,56,56,56,62
Portland Trail Blazers,Reg,1610612757,201011,82,2950,6598,6417,48.6,97.6,-158.4,-1.9,254.7,3.1,96.5,37,28,28,28,21
Portland Trail Blazers,Reg,1610612757,201112,66,2402,5417,5282,48.8,100.0,2.2,0.0,523.3,7.9,99.2,58,49,49,49,41
Portland Trail Blazers,Reg,1610612757,201213,82,3008,6713,6688,49.8,100.3,22.8,0.3,514.2,6.3,100.0,65,59,59,59,52
Portland Trail Blazers,Reg,1610612757,201314,82,3207,7134,7184,50.4,100.5,34.2,0.4,465.1,5.7,101.1,94,56,56,56,55
Portland Trail Blazers,Reg,1610612757,201415,82,3172,7046,7148,50.7,102.3,159.2,1.9,720.1,8.8,102.7,87,73,73,76,80
Portland Trail Blazers,Reg,1610612757,201516,82,3167,7036,7198,51.2,101.8,126.6,1.5,728.9,8.9,101.2,76,76,76,76,76
Portland Trail Blazers,Reg,1610612757,201617,82,3241,7058,7332,51.9,101.1,81.9,1.0,448.9,5.5,101.2,59,66,66,66,72
Portland Trail Blazers,Reg,1610612757,201718,82,3222,7133,7289,51.1,98.0,-145.5,-1.8,229.7,2.8,99.0,73,25,25,25,32
Portland Trail Blazers,Reg,1610612757,201819,82,3470,7428,7844,52.8,100.7,57.9,0.7,572.0,7.0,100.6,76,59,59,66,65
Portland Trail Blazers,Reg,1610612757,201920,74,3122,6749,7196,53.3,100.8,58.0,0.8,484.6,6.5,102.5,94,56,56,66,78
Portland Trail Blazers,Reg,1610612757,202021,72,2973,6558,7078,54.0,100.3,23.6,0.3,653.2,9.1,100.0,90,52,52,56,48
Portland Trail Blazers,Reg,1610612757,202122,82,3161,7144,7365,51.6,97.0,-231.5,-2.8,304.3,3.7,96.2,39,18,18,18,17
Portland Trail Blazers,Reg,1610612757,202223,45,1808,3795,4179,55.1,101.6,65.3,1.5,313.5,7.0,99.4,11,63,63,63,48
Sacramento Kings,Reg,1610612758,199697,82,3000,6611,6414,48.5,98.4,-104.5,-1.3,379.5,4.6,99.5,65,33,33,36,38
Sacramento Kings,Reg,1610612758,199798,82,2957,6684,6197,46.4,97.0,-193.8,-2.4,487.9,6.0,98.4,65,25,26,22,29
Sacramento Kings,Reg,1610612758,199899,50,1918,4307,4126,47.9,102.9,116.3,2.3,471.2,9.4,99.5,97,61,68,83,42
Sacramento Kings,Reg,1610612758,199900,82,3276,7288,7086,48.6,101.7,115.2,1.4,634.1,7.7,100.5,100,61,61,72,58
Sacramento Kings,Reg,1610612758,200001,82,3132,6969,6743,48.4,102.3,153.3,1.9,763.8,9.3,99.7,93,72,72,72,52
Sacramento Kings,Reg,1610612758,200102,82,3267,7003,6960,49.7,104.2,277.3,3.4,630.3,7.7,102.9,100,86,86,90,78
Sacramento Kings,Reg,1610612758,200203,82,3242,6990,6975,49.9,105.3,349.5,4.3,985.6,12.0,104.5,100,97,97,100,86
Sacramento Kings,Reg,1610612758,200304,82,3103,6711,6807,50.7,107.7,484.5,5.9,820.1,10.0,106.4,83,100,100,100,97
Sacramento Kings,Reg,1610612758,200405,82,3203,6978,6928,49.6,102.9,196.8,2.4,700.6,8.5,104.3,94,90,90,90,89
Sacramento Kings,Reg,1610612758,200506,82,2954,6500,6402,49.3,100.5,32.5,0.4,373.1,4.6,100.9,58,63,63,63,61
Sacramento Kings,Reg,1610612758,200607,82,2941,6532,6412,49.1,98.9,-73.2,-0.9,258.7,3.2,99.3,54,38,38,38,41
Sacramento Kings,Reg,1610612758,200708,82,3043,6558,6596,50.3,101.1,72.1,0.9,501.0,6.1,100.5,38,66,66,69,62
Sacramento Kings,Reg,1610612758,200809,82,2990,6684,6566,49.1,98.3,-115.0,-1.4,270.0,3.3,98.1,63,28,28,28,28
Sacramento Kings,Reg,1610612758,200910,82,3143,6894,6767,49.1,98.0,-136.5,-1.7,452.2,5.5,97.6,86,25,25,32,25
Sacramento Kings,Reg,1610612758,201011,82,3133,6977,6693,48.0,96.2,-260.9,-3.2,175.8,2.1,96.4,93,14,14,14,17
Sacramento Kings,Reg,1610612758,201112,66,2490,5712,5391,47.2,96.8,-175.9,-2.7,373.6,5.7,94.6,100,11,11,21,7
Sacramento Kings,Reg,1610612758,201213,82,3086,6904,6782,49.1,99.0,-71.8,-0.9,433.6,5.3,98.5,83,49,49,52,37
Sacramento Kings,Reg,1610612758,201314,82,3026,6766,6543,48.4,96.5,-238.2,-2.9,170.5,2.1,98.4,49,25,25,25,35
Sacramento Kings,Reg,1610612758,201415,82,3010,6617,6481,49.0,98.7,-82.1,-1.0,444.7,5.4,98.4,7,38,38,28,28
Sacramento Kings,Reg,1610612758,201516,82,3283,7082,7226,51.0,101.5,109.1,1.3,715.3,8.7,100.3,82,69,69,69,59
Sacramento Kings,Reg,1610612758,201617,82,3100,6727,6932,51.5,100.3,21.5,0.3,371.3,4.5,100.5,8,59,59,56,61
Sacramento Kings,Reg,1610612758,201718,82,3179,7063,7096,50.2,96.4,-265.6,-3.2,105.9,1.3,99.5,53,11,11,11,47
Sacramento Kings,Reg,1610612758,201819,82,3541,7637,8009,52.4,100.1,4.6,0.1,533.1,6.5,100.8,97,49,49,49,72
Sacramento Kings,Reg,1610612758,201920,72,2943,6365,6800,53.4,101.0,68.7,1.0,471.0,6.5,102.4,39,66,66,63,72
Sacramento Kings,Reg,1610612758,202021,72,3067,6383,7008,54.9,102.1,143.0,2.0,755.7,10.5,102.4,57,73,73,76,73
Sacramento Kings,Reg,1610612758,202122,82,3321,7223,7579,52.5,98.7,-102.6,-1.3,439.2,5.4,99.3,52,28,28,28,44
Sacramento Kings,Reg,1610612758,202223,44,1901,3862,4397,56.9,105.0,210.9,4.8,463.4,10.5,104.4,44,94,94,94,90
San Antonio Spurs,Reg,1610612759,199697,82,2827,6391,6032,47.2,95.7,-269.7,-3.3,198.1,2.4,94.6,33,15,18,15,9
San Antonio Spurs,Reg,1610612759,199798,82,2898,6187,6098,49.3,103.1,181.9,2.2,813.0,9.9,101.8,4,72,72,72,67
San Antonio Spurs,Reg,1610612759,199899,50,1740,3812,3652,47.9,102.9,102.9,2.1,417.0,8.3,101.5,30,61,61,65,61
San Antonio Spurs,Reg,1610612759,199900,82,2952,6393,6234,48.8,102.0,120.2,1.5,575.4,7.0,101.7,11,68,68,58,72
San Antonio Spurs,Reg,1610612759,200001,82,2884,6262,6213,49.6,104.9,291.8,3.6,840.4,10.2,105.1,6,83,83,83,93
San Antonio Spurs,Reg,1610612759,200102,82,2912,6362,6261,49.2,103.1,190.9,2.3,511.5,6.2,100.3,4,75,75,72,56
San Antonio Spurs,Reg,1610612759,200203,82,2908,6297,6265,49.8,105.0,297.2,3.6,870.2,10.6,101.5,8,90,90,90,64
San Antonio Spurs,Reg,1610612759,200304,82,2842,6434,6092,47.3,100.5,29.6,0.4,351.3,4.3,99.5,32,54,54,54,46
San Antonio Spurs,Reg,1610612759,200405,82,2923,6450,6353,49.3,102.1,131.6,1.6,597.3,7.3,99.9,31,83,80,76,59
San Antonio Spurs,Reg,1610612759,200506,82,2993,6342,6510,51.3,104.7,294.3,3.6,626.6,7.6,103.1,36,94,94,94,89
San Antonio Spurs,Reg,1610612759,200607,82,2999,6328,6593,52.1,104.9,310.1,3.8,631.5,7.7,103.9,10,97,97,97,93
San Antonio Spurs,Reg,1610612759,200708,82,2938,6424,6470,50.4,101.2,79.7,1.0,499.8,6.1,101.5,8,69,69,66,66
San Antonio Spurs,Reg,1610612759,200809,82,3041,6532,6706,51.3,102.7,176.4,2.2,552.6,6.7,104.3,37,87,83,83,96
San Antonio Spurs,Reg,1610612759,200910,82,3149,6657,6851,51.5,102.8,185.1,2.3,753.6,9.2,101.6,42,80,76,76,72
San Antonio Spurs,Reg,1610612759,201011,82,3148,6626,6981,52.7,105.7,377.7,4.6,792.5,9.7,104.7,49,100,100,100,93
San Antonio Spurs,Reg,1610612759,201112,66,2611,5463,5774,52.9,108.5,450.2,6.8,975.7,14.8,107.3,79,100,100,100,100
San Antonio Spurs,Reg,1610612759,201213,82,3210,6674,7083,53.1,106.9,456.5,5.6,945.0,11.5,105.7,38,97,97,97,93
San Antonio Spurs,Reg,1610612759,201314,82,3326,6843,7350,53.7,107.2,491.3,6.0,904.6,11.0,106.7,59,97,97,97,97
San Antonio Spurs,Reg,1610612759,201415,82,3208,6852,7093,51.8,104.4,297.4,3.6,842.8,10.3,104.8,66,87,87,87,93
San Antonio Spurs,Reg,1610612759,201516,82,3288,6792,7145,52.6,104.7,319.2,3.9,900.6,11.0,107.7,21,97,97,94,97
San Antonio Spurs,Reg,1610612759,201617,82,3222,6862,7197,52.4,102.1,148.2,1.8,505.0,6.2,104.4,21,73,73,73,92
San Antonio Spurs,Reg,1610612759,201718,82,3204,7002,7105,50.7,97.4,-191.9,-2.3,176.5,2.2,99.7,28,14,14,14,51
San Antonio Spurs,Reg,1610612759,201819,82,3468,7249,7748,53.4,102.0,149.3,1.8,651.0,7.9,108.2,45,80,80,80,97
San Antonio Spurs,Reg,1610612759,201920,71,2995,6351,6750,53.1,100.5,33.0,0.5,434.4,6.1,105.4,62,49,49,49,100
San Antonio Spurs,Reg,1610612759,202021,72,3014,6520,6744,51.7,96.2,-268.6,-3.7,357.3,5.0,98.8,80,11,11,11,35
San Antonio Spurs,Reg,1610612759,202122,82,3546,7601,8017,52.7,99.2,-65.4,-0.8,504.7,6.2,101.1,97,32,32,32,56
San Antonio Spurs,Reg,1610612759,202223,46,1981,4188,4460,53.3,98.2,-79.6,-1.7,194.3,4.2,98.6,87,28,28,25,38
Oklahoma City Thunder,Reg,1610612760,200910,82,3063,6629,6544,49.4,98.6,-94.1,-1.1,472.0,5.8,99.0,36,38,42,35,38
Oklahoma City Thunder,Reg,1610612760,201011,82,3066,6609,6619,50.1,100.5,33.0,0.4,446.8,5.4,100.1,42,59,59,63,51
Oklahoma City Thunder,Reg,1610612760,201112,66,2462,5229,5396,51.6,105.9,300.1,4.5,803.2,12.2,104.7,19,94,94,94,94
Oklahoma City Thunder,Reg,1610612760,201213,82,3125,6503,6847,52.6,106.0,390.2,4.8,866.2,10.6,106.8,4,94,94,87,97
Oklahoma City Thunder,Reg,1610612760,201314,82,3194,6781,7052,52.0,103.8,256.3,3.1,665.9,8.1,104.1,52,83,83,83,87
Oklahoma City Thunder,Reg,1610612760,201415,82,3183,7116,6997,49.2,99.1,-61.2,-0.7,505.2,6.2,98.9,90,45,45,49,35
Oklahoma City Thunder,Reg,1610612760,201516,82,3372,7080,7422,52.4,104.3,307.3,3.7,913.3,11.1,103.8,81,90,94,97,90
Oklahoma City Thunder,Reg,1610612760,201617,82,3236,7168,7163,50.0,97.3,-199.3,-2.4,173.5,2.1,96.5,87,21,21,21,11
Oklahoma City Thunder,Reg,1610612760,201718,82,3271,7222,7423,51.4,98.6,-104.0,-1.3,275.9,3.4,97.1,90,42,42,45,21
Oklahoma City Thunder,Reg,1610612760,201819,82,3498,7707,7928,51.4,98.1,-151.1,-1.8,382.3,4.7,97.2,100,28,21,32,14
Oklahoma City Thunder,Reg,1610612760,201920,72,2879,6157,6528,53.0,100.2,16.0,0.2,405.1,5.6,103.4,8,42,42,38,94
Oklahoma City Thunder,Reg,1610612760,202021,72,2795,6340,6447,50.8,94.5,-372.8,-5.2,235.8,3.3,93.8,38,7,4,7,10
Oklahoma City Thunder,Reg,1610612760,202122,82,3141,7310,7273,49.8,93.6,-500.0,-6.1,48.2,0.6,94.1,73,4,4,4,7
Oklahoma City Thunder,Reg,1610612760,202223,46,1991,4267,4542,53.2,98.2,-83.6,-1.8,195.4,4.2,96.8,93,21,21,32,17
Seattle SuperSonics,Reg,1610612760,199697,82,2994,6413,6547,51.0,103.5,223.2,2.7,692.6,8.4,101.3,36,83,83,83,60
Seattle SuperSonics,Reg,1610612760,199798,82,3052,6459,6725,52.1,108.9,549.0,6.7,1207.8,14.7,105.4,49,100,100,100,93
Seattle SuperSonics,Reg,1610612760,199899,50,1756,3976,3821,48.1,103.2,119.3,2.4,446.9,8.9,100.0,69,72,72,72,48
Seattle SuperSonics,Reg,1610612760,199900,82,3108,6946,6762,48.7,101.8,119.5,1.5,614.0,7.5,98.7,86,65,65,68,32
Seattle SuperSonics,Reg,1610612760,200001,82,3029,6649,6524,49.1,103.8,236.7,2.9,819.2,10.0,100.1,58,75,76,79,57
Seattle SuperSonics,Reg,1610612760,200102,82,3131,6681,6751,50.5,105.9,375.5,4.6,712.2,8.7,105.5,60,93,93,93,92
Seattle SuperSonics,Reg,1610612760,200203,82,2887,6599,6230,47.2,99.6,-25.1,-0.3,575.4,7.0,100.0,43,47,47,43,54
Seattle SuperSonics,Reg,1610612760,200304,82,2939,6590,6601,50.1,106.3,391.4,4.8,720.9,8.8,103.8,61,97,97,97,89
Seattle SuperSonics,Reg,1610612760,200405,82,2882,6498,6430,49.5,102.6,162.5,2.0,631.6,7.7,100.6,36,87,87,87,66
Seattle SuperSonics,Reg,1610612760,200506,82,3077,6711,6759,50.4,102.8,182.5,2.2,534.2,6.5,102.6,87,87,90,90,76
Seattle SuperSonics,Reg,1610612760,200607,82,3047,6628,6619,49.9,100.6,38.4,0.5,375.1,4.6,100.9,67,56,56,59,67
Seattle SuperSonics,Reg,1610612760,200708,82,3125,7032,6563,46.7,93.8,-431.8,-5.3,28.1,0.3,96.8,93,4,0,4,14
Seattle SuperSonics,Reg,1610612760,200809,82,2999,6715,6326,47.1,94.2,-386.8,-4.7,0.0,0.0,94.9,73,0,1,0,1
Toronto Raptors,Reg,1610612761,199697,82,2897,6632,6383,48.1,97.6,-156.5,-1.9,328.9,4.0,97.0,68,25,25,25,22
Toronto Raptors,Reg,1610612761,199798,82,2965,6813,6302,46.3,96.7,-212.6,-2.6,482.4,5.9,95.1,82,18,15,18,11
Toronto Raptors,Reg,1610612761,199899,50,1660,3940,3546,45.0,96.7,-122.1,-2.4,202.5,4.1,97.3,54,25,25,26,26
Toronto Raptors,Reg,1610612761,199900,82,2980,6882,6385,46.4,97.0,-196.8,-2.4,293.2,3.6,98.7,76,18,18,18,33
Toronto Raptors,Reg,1610612761,200001,82,3048,6972,6525,46.8,99.0,-68.3,-0.8,542.4,6.6,99.3,97,40,36,47,45
Toronto Raptors,Reg,1610612761,200102,82,2919,6727,6225,46.3,97.0,-193.7,-2.4,145.3,1.8,97.9,66,18,18,18,33
Toronto Raptors,Reg,1610612761,200203,82,2847,6664,6103,45.8,96.6,-213.2,-2.6,393.2,4.8,97.0,54,11,11,11,18
Toronto Raptors,Reg,1610612761,200304,82,2654,6348,5769,45.4,96.5,-212.0,-2.6,105.4,1.3,97.3,19,15,15,15,27
Toronto Raptors,Reg,1610612761,200405,82,2952,6656,6552,49.2,102.1,131.8,1.6,612.4,7.5,101.3,66,80,83,83,77
Toronto Raptors,Reg,1610612761,200506,82,3013,6639,6634,50.0,102.0,127.5,1.6,475.4,5.8,102.8,76,83,83,83,83
Toronto Raptors,Reg,1610612761,200607,82,3032,6547,6595,50.4,101.5,95.6,1.2,428.2,5.2,103.4,60,69,73,76,90
Toronto Raptors,Reg,1610612761,200708,82,3148,6726,6868,51.1,102.7,177.6,2.2,617.4,7.5,106.3,60,76,73,73,97
Toronto Raptors,Reg,1610612761,200809,82,3054,6673,6587,49.4,98.8,-82.7,-1.0,301.6,3.7,102.1,59,35,35,38,76
Toronto Raptors,Reg,1610612761,200910,82,3199,6631,6916,52.2,104.2,275.8,3.4,842.1,10.3,106.8,37,83,87,87,99
Toronto Raptors,Reg,1610612761,201011,82,3144,6755,6633,49.1,98.5,-98.6,-1.2,324.2,4.0,99.3,63,32,32,32,42
Toronto Raptors,Reg,1610612761,201112,66,2268,5154,4901,47.6,97.6,-121.6,-1.8,374.2,5.7,98.6,7,28,28,25,32
Toronto Raptors,Reg,1610612761,201213,82,2978,6682,6526,48.8,98.4,-108.2,-1.3,380.9,4.6,100.2,41,42,42,42,57
Toronto Raptors,Reg,1610612761,201314,82,2992,6716,6697,49.9,99.5,-33.6,-0.4,372.1,4.5,101.1,25,52,52,52,55
Toronto Raptors,Reg,1610612761,201415,82,3108,6828,6942,50.8,102.5,169.3,2.1,712.8,8.7,102.7,55,76,76,73,80
Toronto Raptors,Reg,1610612761,201516,82,3006,6658,6720,50.5,100.4,29.3,0.4,599.2,7.3,100.3,4,63,63,63,56
Toronto Raptors,Reg,1610612761,201617,82,3211,6914,7147,51.7,100.6,44.2,0.5,403.8,4.9,102.8,29,63,63,63,82
Toronto Raptors,Reg,1610612761,201718,82,3383,7171,7734,53.9,103.5,261.0,3.2,638.2,7.8,102.8,83,87,87,87,87
Toronto Raptors,Reg,1610612761,201819,82,3461,7307,7937,54.3,103.6,277.7,3.4,783.3,9.6,103.4,52,94,94,94,91
Toronto Raptors,Reg,1610612761,201920,72,2897,6331,6789,53.6,101.4,93.7,1.3,493.8,6.9,98.6,22,76,76,76,32
Toronto Raptors,Reg,1610612761,202021,72,2859,6383,6759,53.0,98.5,-106.0,-1.5,506.8,7.0,96.9,57,32,32,32,21
Toronto Raptors,Reg,1610612761,202122,82,3332,7489,7643,51.0,96.0,-320.5,-3.9,241.1,2.9,98.2,91,11,11,11,21
Toronto Raptors,Reg,1610612761,202223,46,1867,4156,4233,50.9,94.0,-271.8,-5.9,0.0,0.0,93.5,81,0,0,0,6
Utah Jazz,Reg,1610612762,199697,82,3131,6216,6596,53.1,107.6,467.4,5.7,922.5,11.2,107.1,8,100,100,100,100
Utah Jazz,Reg,1610612762,199798,82,2993,6113,6235,51.0,106.7,390.0,4.8,1013.5,12.4,105.6,1,93,93,93,93
Utah Jazz,Reg,1610612762,199899,50,1684,3620,3508,48.5,104.1,137.6,2.8,435.8,8.7,102.2,8,79,79,68,71
Utah Jazz,Reg,1610612762,199900,82,2962,6380,6253,49.0,102.5,150.6,1.8,604.8,7.4,103.7,8,72,72,65,83
Utah Jazz,Reg,1610612762,200001,82,2960,6289,6245,49.7,105.0,298.1,3.6,849.0,10.4,102.5,11,86,86,86,79
Utah Jazz,Reg,1610612762,200102,82,2869,6374,6018,47.2,99.0,-63.7,-0.8,257.5,3.1,96.5,9,43,47,43,14
Utah Jazz,Reg,1610612762,200203,82,2894,6189,6012,48.6,102.5,146.1,1.8,709.3,8.6,103.0,0,68,68,68,82
Utah Jazz,Reg,1610612762,200304,82,2690,6172,5632,45.6,96.9,-182.7,-2.2,125.9,1.5,96.6,0,22,22,22,15
Utah Jazz,Reg,1610612762,200405,82,2828,6301,5906,46.9,97.2,-171.4,-2.1,283.5,3.5,98.3,8,14,14,14,37
Utah Jazz,Reg,1610612762,200506,82,2744,6207,5799,46.7,95.3,-284.3,-3.5,41.0,0.5,96.3,7,7,7,7,12
Utah Jazz,Reg,1610612762,200607,82,3069,6471,6492,50.2,101.0,67.3,0.8,396.0,4.8,100.9,42,66,66,63,64
Utah Jazz,Reg,1610612762,200708,82,3279,6592,6965,52.8,106.2,407.4,5.0,838.5,10.2,105.1,42,94,94,94,93
Utah Jazz,Reg,1610612762,200809,82,3143,6623,6678,50.4,100.9,58.3,0.7,439.8,5.4,99.7,49,66,69,66,44
Utah Jazz,Reg,1610612762,200910,82,3227,6575,6893,52.4,104.7,309.0,3.8,870.5,10.6,102.7,24,90,90,90,80
Utah Jazz,Reg,1610612762,201011,82,3064,6590,6563,49.8,99.9,-4.0,0.0,408.6,5.0,100.5,30,52,52,52,58
Utah Jazz,Reg,1610612762,201112,66,2523,5531,5319,48.1,98.7,-71.9,-1.1,460.2,7.0,100.1,90,45,45,42,51
Utah Jazz,Reg,1610612762,201213,82,3046,6710,6599,49.2,99.1,-63.1,-0.8,428.1,5.2,100.1,64,52,52,49,55
Utah Jazz,Reg,1610612762,201314,82,2951,6650,6445,48.5,96.7,-219.5,-2.7,182.2,2.2,96.8,18,28,28,28,24
Utah Jazz,Reg,1610612762,201415,82,2900,6492,6410,49.4,99.6,-28.6,-0.3,488.2,6.0,97.9,4,49,52,45,21
Utah Jazz,Reg,1610612762,201516,82,2957,6593,6608,50.1,99.7,-18.5,-0.2,545.9,6.7,98.9,1,52,52,49,35
Utah Jazz,Reg,1610612762,201617,82,3033,6514,6857,52.6,102.5,165.5,2.0,504.2,6.1,101.7,1,76,76,69,76
Utah Jazz,Reg,1610612762,201718,82,3139,6797,7165,52.7,101.2,81.6,1.0,439.1,5.4,99.3,4,73,73,69,45
Utah Jazz,Reg,1610612762,201819,82,3314,7082,7621,53.8,102.7,198.3,2.4,688.4,8.4,99.9,4,87,87,87,51
Utah Jazz,Reg,1610612762,201920,72,2886,6130,6735,54.9,103.9,251.3,3.5,638.7,8.9,104.4,4,97,97,97,97
Utah Jazz,Reg,1610612762,202021,72,2971,6346,7147,56.3,104.7,321.1,4.5,930.3,12.9,103.7,43,87,87,90,83
Utah Jazz,Reg,1610612762,202122,82,3327,7067,7846,55.5,104.4,330.7,4.0,860.8,10.5,104.1,17,97,97,97,94
Utah Jazz,Reg,1610612762,202223,49,2066,4376,4838,55.3,102.0,94.5,1.9,380.7,7.8,102.4,59,73,73,73,76
Memphis Grizzlies,Reg,1610612763,200203,82,3049,6743,6565,48.7,102.7,174.0,2.1,787.6,9.6,102.6,73,79,79,75,80
Memphis Grizzlies,Reg,1610612763,200304,82,2963,6657,6373,47.9,101.6,101.2,1.2,434.0,5.3,100.2,71,75,75,76,57
Memphis Grizzlies,Reg,1610612763,200405,82,2802,6271,6135,48.9,101.4,86.5,1.1,539.3,6.6,97.7,4,73,69,69,22
Memphis Grizzlies,Reg,1610612763,200506,82,2746,6125,6082,49.7,101.3,79.6,1.0,400.6,4.9,97.9,0,76,76,69,25
Memphis Grizzlies,Reg,1610612763,200607,82,2998,6448,6496,50.4,101.5,94.1,1.1,421.7,5.1,100.6,36,69,69,69,55
Memphis Grizzlies,Reg,1610612763,200708,82,3060,6737,6740,50.0,100.6,37.7,0.5,478.3,5.8,98.5,62,59,59,59,49
Memphis Grizzlies,Reg,1610612763,200809,82,2865,6310,6128,48.6,97.2,-179.2,-2.2,184.3,2.2,97.9,3,25,25,25,24
Memphis Grizzlies,Reg,1610612763,200910,82,3223,6875,6790,49.4,98.6,-94.9,-1.2,492.3,6.0,99.1,81,42,38,45,38
Memphis Grizzlies,Reg,1610612763,201011,82,3200,6801,6709,49.3,99.0,-69.4,-0.8,356.4,4.3,99.5,77,35,35,38,44
Memphis Grizzlies,Reg,1610612763,201112,66,2425,5422,5127,47.3,97.0,-157.2,-2.4,364.4,5.5,99.2,61,18,18,18,40
Memphis Grizzlies,Reg,1610612763,201213,82,2964,6679,6310,47.2,95.2,-320.6,-3.9,168.3,2.1,97.5,40,7,7,7,27
Memphis Grizzlies,Reg,1610612763,201314,82,3122,6723,6649,49.5,98.7,-88.7,-1.1,317.3,3.9,101.3,28,42,42,42,64
Memphis Grizzlies,Reg,1610612763,201415,82,3097,6763,6617,48.9,98.6,-90.6,-1.1,447.7,5.5,101.1,24,35,35,35,62
Memphis Grizzlies,Reg,1610612763,201516,82,3018,6858,6539,47.7,94.9,-353.9,-4.3,233.2,2.8,96.9,28,4,4,4,18
Memphis Grizzlies,Reg,1610612763,201617,82,2982,6850,6729,49.1,95.6,-306.9,-3.7,49.3,0.6,95.6,18,7,11,7,4
Memphis Grizzlies,Reg,1610612763,201718,82,3013,6788,6784,50.0,95.9,-290.5,-3.5,66.5,0.8,95.1,0,7,7,7,4
Memphis Grizzlies,Reg,1610612763,201819,82,3113,6925,7037,50.8,96.9,-221.6,-2.7,257.6,3.1,98.0,0,11,14,11,31
Memphis Grizzlies,Reg,1610612763,201920,73,3106,6634,7010,52.8,99.9,-6.6,-0.1,412.6,5.7,101.4,83,35,35,42,59
Memphis Grizzlies,Reg,1610612763,202021,72,3085,6608,6973,52.8,98.1,-134.8,-1.9,499.6,6.9,99.6,97,28,28,28,44
Memphis Grizzlies,Reg,1610612763,202122,82,3571,7739,8087,52.3,98.3,-142.4,-1.7,438.0,5.3,98.1,100,25,25,25,21
Memphis Grizzlies,Reg,1610612763,202223,45,1977,4191,4472,53.4,98.4,-71.2,-1.6,202.8,4.5,98.1,100,32,32,38,31
Vancouver Grizzlies,Reg,1610612763,199697,82,2819,6453,6083,47.1,95.6,-280.1,-3.4,192.3,2.3,96.0,43,11,11,11,19
Vancouver Grizzlies,Reg,1610612763,199798,82,3006,6567,6337,48.3,100.9,57.8,0.7,727.6,8.9,100.0,61,65,65,65,47
Vancouver Grizzlies,Reg,1610612763,199899,50,1643,3838,3434,44.7,96.1,-138.9,-2.8,177.3,3.5,95.4,38,22,22,22,14
Vancouver Grizzlies,Reg,1610612763,199900,82,2892,6441,6108,47.4,99.1,-52.8,-0.6,405.8,4.9,99.3,19,33,36,29,42
Vancouver Grizzlies,Reg,1610612763,200001,82,2870,6539,6065,46.4,98.1,-117.7,-1.4,455.1,5.6,100.6,51,33,33,33,60
Vancouver Grizzlies,Reg,1610612763,200102,82,2851,6535,6038,46.2,96.8,-197.4,-2.4,132.0,1.6,96.6,25,15,15,15,15
Washington Bullets,Reg,1610612764,199697,82,3208,6678,6747,50.5,102.5,162.9,2.0,651.8,7.9,102.8,77,72,72,76,78
Washington Bullets,Reg,1610612764,199798,82,3080,6811,6480,47.6,99.5,-32.7,-0.4,662.0,8.1,100.8,82,43,43,54,60
Washington Wizards,Reg,1610612764,199899,50,1768,3969,3715,46.8,100.5,19.8,0.4,346.9,6.9,102.6,65,50,50,51,75
Washington Wizards,Reg,1610612764,199900,82,3010,6681,6355,47.6,99.5,-34.7,-0.4,440.9,5.4,100.7,39,43,43,43,63
Washington Wizards,Reg,1610612764,200001,82,2833,6453,5941,46.0,97.4,-161.3,-2.0,404.0,4.9,99.4,25,25,29,26,48
Washington Wizards,Reg,1610612764,200102,82,2938,6663,6181,46.4,97.2,-177.2,-2.2,158.6,1.9,101.7,50,25,22,25,72
Washington Wizards,Reg,1610612764,200203,82,2816,6394,5885,46.0,97.1,-175.2,-2.1,406.7,5.0,101.4,11,15,15,15,62
Washington Wizards,Reg,1610612764,200304,82,2759,6557,5952,45.4,96.3,-225.6,-2.8,102.3,1.2,94.5,50,11,11,11,1
Washington Wizards,Reg,1610612764,200405,82,2966,6794,6446,47.4,98.4,-107.3,-1.3,383.2,4.7,99.8,87,28,32,35,58
Washington Wizards,Reg,1610612764,200506,82,2975,6656,6447,48.4,98.8,-75.9,-0.9,272.9,3.3,98.4,79,32,32,32,37
Washington Wizards,Reg,1610612764,200607,82,3070,6820,6701,49.1,99.0,-69.6,-0.8,276.9,3.4,99.1,93,42,42,42,38
Washington Wizards,Reg,1610612764,200708,82,2986,6695,6547,48.9,98.3,-113.8,-1.4,324.0,4.0,97.8,50,38,38,38,31
Washington Wizards,Reg,1610612764,200809,82,2994,6655,6383,48.0,96.0,-268.9,-3.3,114.5,1.4,96.8,55,4,4,4,15
Washington Wizards,Reg,1610612764,200910,82,3008,6700,6448,48.1,96.1,-261.3,-3.2,310.9,3.8,98.1,49,14,18,14,33
Washington Wizards,Reg,1610612764,201011,82,3048,6888,6488,47.1,94.5,-376.1,-4.6,55.1,0.7,95.5,87,4,4,4,8
Washington Wizards,Reg,1610612764,201112,66,2412,5472,5166,47.2,96.9,-167.4,-2.5,359.0,5.4,96.8,83,14,14,14,17
Washington Wizards,Reg,1610612764,201213,82,2910,6692,6365,47.6,95.8,-278.4,-3.4,211.5,2.6,98.3,53,18,21,18,35
Washington Wizards,Reg,1610612764,201314,82,3177,6918,7001,50.6,101.0,67.8,0.8,485.6,5.9,101.3,73,66,66,66,66
Washington Wizards,Reg,1610612764,201415,82,3139,6790,6775,49.9,100.6,40.7,0.5,581.2,7.1,102.0,39,56,56,63,73
Washington Wizards,Reg,1610612764,201516,82,3237,7027,7182,51.1,101.7,119.5,1.5,721.0,8.8,102.3,69,73,73,73,83
Washington Wizards,Reg,1610612764,201617,82,3385,7129,7523,52.8,102.7,199.6,2.4,570.3,7.0,103.6,67,83,83,83,87
Washington Wizards,Reg,1610612764,201718,82,3275,7018,7364,52.5,100.7,50.5,0.6,419.7,5.1,103.4,35,66,66,63,94
Washington Wizards,Reg,1610612764,201819,82,3456,7390,7842,53.1,101.2,96.1,1.2,607.5,7.4,100.0,70,73,73,73,53
Washington Wizards,Reg,1610612764,201920,72,2990,6544,6844,52.3,98.9,-77.2,-1.1,336.4,4.7,100.4,83,32,32,32,50
Washington Wizards,Reg,1610612764,202021,72,3108,6546,6949,53.1,98.7,-91.6,-1.3,536.8,7.5,101.8,87,35,35,35,65
Washington Wizards,Reg,1610612764,202122,82,3327,7056,7514,53.3,100.2,11.3,0.1,540.5,6.6,100.5,15,42,42,42,52
Washington Wizards,Reg,1610612764,202223,45,1871,3909,4235,54.2,99.9,-2.3,-0.1,253.3,5.6,102.1,35,52,52,52,71
Detroit Pistons,Reg,1610612765,199697,82,2827,6095,6236,51.2,103.8,226.7,2.8,672.9,8.2,103.9,4,90,86,79,88
Detroit Pistons,Reg,1610612765,199798,82,2862,6373,6017,47.2,98.7,-76.5,-0.9,573.6,7.0,98.7,26,33,33,33,34
Detroit Pistons,Reg,1610612765,199899,50,1660,3716,3568,48.0,103.1,108.5,2.2,414.7,8.3,101.9,15,68,65,61,70
Detroit Pistons,Reg,1610612765,199900,82,3044,6635,6527,49.2,102.9,181.8,2.2,654.2,8.0,100.0,30,83,83,79,54
Detroit Pistons,Reg,1610612765,200001,82,2918,6879,6225,45.3,95.7,-279.3,-3.4,323.3,3.9,95.2,86,11,8,11,8
Detroit Pistons,Reg,1610612765,200102,82,2844,6299,6254,49.6,104.0,243.1,3.0,560.6,6.8,102.6,1,83,83,79,76
Detroit Pistons,Reg,1610612765,200203,82,2700,6277,5933,47.3,99.7,-16.3,-0.2,554.9,6.8,100.3,5,50,54,40,58
Detroit Pistons,Reg,1610612765,200304,82,2747,6314,5827,46.1,97.9,-122.5,-1.5,193.2,2.4,97.4,11,33,33,29,32
Detroit Pistons,Reg,1610612765,200405,82,2851,6421,6065,47.2,97.9,-128.4,-1.6,335.2,4.1,99.1,28,25,25,25,53
Detroit Pistons,Reg,1610612765,200506,82,2983,6558,6523,49.7,101.5,95.7,1.2,439.4,5.4,102.8,66,80,80,80,83
Detroit Pistons,Reg,1610612765,200607,82,2942,6484,6333,48.8,98.4,-103.7,-1.3,225.6,2.8,100.9,45,32,32,32,67
Detroit Pistons,Reg,1610612765,200708,82,2999,6551,6485,49.5,99.5,-31.4,-0.4,397.0,4.8,102.3,28,52,52,52,70
Detroit Pistons,Reg,1610612765,200809,82,2981,6559,6339,48.3,96.7,-217.8,-2.7,160.0,2.0,100.6,45,14,18,14,61
Detroit Pistons,Reg,1610612765,200910,82,2938,6600,6248,47.3,94.5,-361.7,-4.4,202.0,2.5,95.9,28,4,4,4,7
Detroit Pistons,Reg,1610612765,201011,82,3055,6646,6581,49.5,99.4,-42.5,-0.5,373.5,4.6,99.4,57,45,45,45,43
Detroit Pistons,Reg,1610612765,201112,66,2291,5232,4899,46.8,96.1,-199.9,-3.0,303.5,4.6,96.3,20,7,7,7,15
Detroit Pistons,Reg,1610612765,201213,82,2979,6638,6471,48.7,98.2,-119.5,-1.5,366.4,4.5,95.2,26,38,38,38,14
Detroit Pistons,Reg,1610612765,201314,82,3181,7123,6868,48.2,96.2,-270.7,-3.3,159.6,1.9,93.2,90,21,21,21,4
Detroit Pistons,Reg,1610612765,201415,82,3041,7038,6785,48.2,97.2,-195.7,-2.4,364.6,4.4,95.0,84,21,21,21,4
Detroit Pistons,Reg,1610612765,201516,82,3111,7083,6962,49.2,97.8,-155.8,-1.9,450.5,5.5,97.8,82,28,28,32,21
Detroit Pistons,Reg,1610612765,201617,82,3268,7278,7166,49.2,95.9,-310.0,-3.8,68.4,0.8,100.0,100,11,7,11,55
Detroit Pistons,Reg,1610612765,201718,82,3209,7134,7305,51.2,98.3,-129.8,-1.6,245.4,3.0,99.9,73,35,35,35,57
Detroit Pistons,Reg,1610612765,201819,82,3185,7242,7363,50.8,97.0,-227.4,-2.8,273.7,3.3,96.2,42,14,11,14,4
Detroit Pistons,Reg,1610612765,201920,66,2595,5658,5981,52.9,99.9,-3.4,-0.1,354.2,5.4,99.4,11,38,38,35,35
Detroit Pistons,Reg,1610612765,202021,72,2783,6164,6398,51.9,96.5,-231.8,-3.2,360.0,5.0,94.9,4,14,18,14,18
Detroit Pistons,Reg,1610612765,202122,82,3129,7267,7183,49.4,92.9,-545.0,-6.6,0.0,0.0,91.7,66,0,0,0,1
Detroit Pistons,Reg,1610612765,202223,48,1907,4211,4377,52.0,95.9,-187.8,-3.9,87.6,1.8,96.7,43,11,11,11,14
Charlotte Bobcats,Reg,1610612766,200506,82,2961,6843,6350,46.4,94.7,-355.8,-4.3,2.7,0.0,94.9,97,4,1,4,0
Charlotte Bobcats,Reg,1610612766,200607,82,2960,6643,6377,48.0,96.7,-217.9,-2.7,119.6,1.5,97.0,70,18,14,18,14
Charlotte Bobcats,Reg,1610612766,200708,82,2960,6554,6449,49.2,98.9,-70.8,-0.9,357.8,4.4,97.3,36,49,49,45,20
Charlotte Bobcats,Reg,1610612766,200809,82,2866,6299,6222,49.4,98.8,-74.3,-0.9,288.5,3.5,97.9,1,38,38,32,24
Charlotte Bobcats,Reg,1610612766,200910,82,2858,6305,6176,49.0,97.8,-137.4,-1.7,401.0,4.9,94.9,4,21,21,21,4
Charlotte Bobcats,Reg,1610612766,201011,82,2873,6364,6139,48.2,96.8,-203.6,-2.5,194.7,2.4,95.7,7,18,21,18,10
Charlotte Bobcats,Reg,1610612766,201112,66,2193,5293,4649,43.9,90.1,-509.2,-7.7,0.0,0.0,92.0,25,0,0,0,0
Charlotte Bobcats,Reg,1610612766,201213,82,2823,6649,6115,46.0,92.6,-486.7,-5.9,0.0,0.0,92.8,34,0,0,0,0
Charlotte Bobcats,Reg,1610612766,201314,82,2976,6727,6468,48.1,95.9,-274.5,-3.3,131.8,1.6,97.6,33,18,18,18,30
Charlotte Bobcats,Reg,1610612766,201415,82,2913,6932,6324,45.6,92.0,-551.8,-6.7,0.0,0.0,95.1,70,0,0,0,7
Charlotte Hornets,Reg,1610612766,199697,82,2988,6342,6567,51.8,105.0,313.3,3.8,777.5,9.5,104.2,29,93,93,93,89
Charlotte Hornets,Reg,1610612766,199798,82,2968,6344,6282,49.5,103.6,215.7,2.6,862.8,10.5,102.6,18,79,79,79,78
Charlotte Hornets,Reg,1610612766,199899,50,1671,3718,3610,48.6,104.3,148.7,3.0,455.1,9.1,103.7,17,83,83,75,79
Charlotte Hornets,Reg,1610612766,199900,82,2935,6533,6209,47.5,99.4,-39.2,-0.5,426.0,5.2,99.6,25,40,40,36,51
Charlotte Hornets,Reg,1610612766,200001,82,2800,6501,5940,45.7,96.6,-206.7,-2.5,362.8,4.4,97.8,43,18,18,15,22
Charlotte Hornets,Reg,1610612766,200102,82,2893,6580,6132,46.6,97.7,-146.1,-1.8,185.6,2.3,98.4,38,33,33,33,43
Charlotte Hornets,Reg,1610612766,200405,82,2961,6859,6242,45.5,94.3,-374.5,-4.6,120.7,1.5,96.7,90,4,4,4,7
Charlotte Hornets,Reg,1610612766,200506,82,2961,6843,6350,46.4,94.7,-355.8,-4.3,2.7,0.0,94.9,97,4,1,4,0
Charlotte Hornets,Reg,1610612766,200607,82,2960,6643,6377,48.0,96.7,-217.9,-2.7,119.6,1.5,97.0,70,18,14,18,14
Charlotte Hornets,Reg,1610612766,200708,82,2960,6554,6449,49.2,98.9,-70.8,-0.9,357.8,4.4,97.3,36,49,49,45,20
Charlotte Hornets,Reg,1610612766,200809,82,2866,6299,6222,49.4,98.8,-74.3,-0.9,288.5,3.5,97.9,1,38,38,32,24
Charlotte Hornets,Reg,1610612766,200910,82,2858,6305,6176,49.0,97.8,-137.4,-1.7,401.0,4.9,94.9,4,21,21,21,4
Charlotte Hornets,Reg,1610612766,201011,82,2873,6364,6139,48.2,96.8,-203.6,-2.5,194.7,2.4,95.7,7,18,21,18,10
Charlotte Hornets,Reg,1610612766,201112,66,2193,5293,4649,43.9,90.1,-509.2,-7.7,0.0,0.0,92.0,25,0,0,0,0
Charlotte Hornets,Reg,1610612766,201213,82,2823,6649,6115,46.0,92.6,-486.7,-5.9,0.0,0.0,92.8,34,0,0,0,0
Charlotte Hornets,Reg,1610612766,201314,82,2976,6727,6468,48.1,95.9,-274.5,-3.3,131.8,1.6,97.6,33,18,18,18,30
Charlotte Hornets,Reg,1610612766,201415,82,2913,6932,6324,45.6,92.0,-551.8,-6.7,0.0,0.0,95.1,70,0,0,0,7
Charlotte Hornets,Reg,1610612766,201516,82,3036,6921,6945,50.2,99.8,-11.1,-0.1,581.4,7.1,99.9,52,56,56,56,48
Charlotte Hornets,Reg,1610612766,201617,82,3093,6998,7010,50.1,97.5,-177.7,-2.2,186.1,2.3,98.6,53,25,28,28,38
Charlotte Hornets,Reg,1610612766,201718,82,3197,7108,7218,50.8,97.4,-190.5,-2.3,183.4,2.2,98.6,65,18,18,18,29
Charlotte Hornets,Reg,1610612766,201819,82,3297,7365,7571,51.4,98.1,-148.8,-1.8,360.9,4.4,98.7,63,21,25,28,42
Charlotte Hornets,Reg,1610612766,201920,65,2425,5586,5635,50.4,95.4,-272.6,-4.2,80.4,1.2,93.2,14,7,7,7,0
Charlotte Hornets,Reg,1610612766,202021,72,2875,6325,6735,53.2,99.0,-68.3,-0.9,538.9,7.5,97.1,36,38,38,38,25
Charlotte Hornets,Reg,1610612766,202122,82,3508,7497,8159,54.4,102.4,187.4,2.3,749.7,9.1,99.2,94,80,80,83,41
Charlotte Hornets,Reg,1610612766,202223,46,1927,4268,4361,51.1,94.3,-265.5,-5.8,13.7,0.3,92.0,94,4,4,4,0
